xml_file,log_file,start_time,end_time,duration_sec,exit_code,status
C:\Users\Jonas\Documents\MASCOT\SourceCode\data_and_results\data_model_input\xml_control_files\community_dynamic_105_V1_06.xml,C:\Users\Jonas\Documents\MASCOT\SourceCode\data_and_results\data_raw\logs\community_dynamic_105_V1_06.log,2026-06-05T17:51:46.605534,2026-06-05T17:53:57.094678,130.489144,0,OK
C:\Users\Jonas\Documents\MASCOT\SourceCode\data_and_results\data_model_input\xml_control_files\community_dynamic_105_V1_05.xml,C:\Users\Jonas\Documents\MASCOT\SourceCode\data_and_results\data_raw\logs\community_dynamic_105_V1_05.log,2026-06-05T17:51:46.605534,2026-06-05T17:53:57.765136,131.159602,0,OK
C:\Users\Jonas\Documents\MASCOT\SourceCode\data_and_results\data_model_input\xml_control_files\community_dynamic_105_V1_01.xml,C:\Users\Jonas\Documents\MASCOT\SourceCode\data_and_results\data_raw\logs\community_dynamic_105_V1_01.log,2026-06-05T17:51:46.605534,2026-06-05T17:53:57.931444,131.32591,0,OK
C:\Users\Jonas\Documents\MASCOT\SourceCode\data_and_results\data_model_input\xml_control_files\community_dynamic_105_V1_03.xml,C:\Users\Jonas\Documents\MASCOT\SourceCode\data_and_results\data_raw\logs\community_dynamic_105_V1_03.log,2026-06-05T17:51:46.605534,2026-06-05T17:53:58.055418,131.449884,0,OK
C:\Users\Jonas\Documents\MASCOT\SourceCode\data_and_results\data_model_input\xml_control_files\community_dynamic_105_V1_02.xml,C:\Users\Jonas\Documents\MASCOT\SourceCode\data_and_results\data_raw\logs\community_dynamic_105_V1_02.log,2026-06-05T17:51:46.605534,2026-06-05T17:53:58.248419,131.642885,0,OK
C:\Users\Jonas\Documents\MASCOT\SourceCode\data_and_results\data_model_input\xml_control_files\community_dynamic_105_V1_04.xml,C:\Users\Jonas\Documents\MASCOT\SourceCode\data_and_results\data_raw\logs\community_dynamic_105_V1_04.log,2026-06-05T17:51:46.605534,2026-06-05T17:53:58.511340,131.905806,0,OK
C:\Users\Jonas\Documents\MASCOT\SourceCode\data_and_results\data_model_input\xml_control_files\community_dynamic_105_V1_07.xml,C:\Users\Jonas\Documents\MASCOT\SourceCode\data_and_results\data_raw\logs\community_dynamic_105_V1_07.log,2026-06-05T17:53:57.097643,2026-06-05T17:56:21.059627,143.961984,0,OK
C:\Users\Jonas\Documents\MASCOT\SourceCode\data_and_results\data_model_input\xml_control_files\community_dynamic_105_V1_08.xml,C:\Users\Jonas\Documents\MASCOT\SourceCode\data_and_results\data_raw\logs\community_dynamic_105_V1_08.log,2026-06-05T17:53:57.768207,2026-06-05T17:56:21.293060,143.524853,0,OK
C:\Users\Jonas\Documents\MASCOT\SourceCode\data_and_results\data_model_input\xml_control_files\community_dynamic_105_V1_10.xml,C:\Users\Jonas\Documents\MASCOT\SourceCode\data_and_results\data_raw\logs\community_dynamic_105_V1_10.log,2026-06-05T17:53:58.059111,2026-06-05T17:56:21.308475,143.249364,0,OK
C:\Users\Jonas\Documents\MASCOT\SourceCode\data_and_results\data_model_input\xml_control_files\community_dynamic_105_V1_09.xml,C:\Users\Jonas\Documents\MASCOT\SourceCode\data_and_results\data_raw\logs\community_dynamic_105_V1_09.log,2026-06-05T17:53:57.935416,2026-06-05T17:56:21.425691,143.490275,0,OK
C:\Users\Jonas\Documents\MASCOT\SourceCode\data_and_results\data_model_input\xml_control_files\community_dynamic_105_V2_02.xml,C:\Users\Jonas\Documents\MASCOT\SourceCode\data_and_results\data_raw\logs\community_dynamic_105_V2_02.log,2026-06-05T17:53:58.516474,2026-06-05T17:59:13.262948,314.746474,0,OK
C:\Users\Jonas\Documents\MASCOT\SourceCode\data_and_results\data_model_input\xml_control_files\community_dynamic_105_V2_01.xml,C:\Users\Jonas\Documents\MASCOT\SourceCode\data_and_results\data_raw\logs\community_dynamic_105_V2_01.log,2026-06-05T17:53:58.252419,2026-06-05T17:59:16.804677,318.552258,0,OK
C:\Users\Jonas\Documents\MASCOT\SourceCode\data_and_results\data_model_input\xml_control_files\community_dynamic_105_V2_03.xml,C:\Users\Jonas\Documents\MASCOT\SourceCode\data_and_results\data_raw\logs\community_dynamic_105_V2_03.log,2026-06-05T17:56:21.062712,2026-06-05T18:01:38.197927,317.135215,0,OK
C:\Users\Jonas\Documents\MASCOT\SourceCode\data_and_results\data_model_input\xml_control_files\community_dynamic_105_V2_06.xml,C:\Users\Jonas\Documents\MASCOT\SourceCode\data_and_results\data_raw\logs\community_dynamic_105_V2_06.log,2026-06-05T17:56:21.430812,2026-06-05T18:01:41.919531,320.488719,0,OK
C:\Users\Jonas\Documents\MASCOT\SourceCode\data_and_results\data_model_input\xml_control_files\community_dynamic_105_V2_04.xml,C:\Users\Jonas\Documents\MASCOT\SourceCode\data_and_results\data_raw\logs\community_dynamic_105_V2_04.log,2026-06-05T17:56:21.296059,2026-06-05T18:01:42.146814,320.850755,0,OK
C:\Users\Jonas\Documents\MASCOT\SourceCode\data_and_results\data_model_input\xml_control_files\community_dynamic_105_V2_05.xml,C:\Users\Jonas\Documents\MASCOT\SourceCode\data_and_results\data_raw\logs\community_dynamic_105_V2_05.log,2026-06-05T17:56:21.311220,2026-06-05T18:01:42.295925,320.984705,0,OK
C:\Users\Jonas\Documents\MASCOT\SourceCode\data_and_results\data_model_input\xml_control_files\community_dynamic_35_V1_02.xml,C:\Users\Jonas\Documents\MASCOT\SourceCode\data_and_results\data_raw\logs\community_dynamic_35_V1_02.log,2026-06-05T18:01:42.298927,2026-06-05T18:03:57.644743,135.345816,0,OK
C:\Users\Jonas\Documents\MASCOT\SourceCode\data_and_results\data_model_input\xml_control_files\community_dynamic_35_V1_01.xml,C:\Users\Jonas\Documents\MASCOT\SourceCode\data_and_results\data_raw\logs\community_dynamic_35_V1_01.log,2026-06-05T18:01:42.149813,2026-06-05T18:03:59.164438,137.014625,0,OK
C:\Users\Jonas\Documents\MASCOT\SourceCode\data_and_results\data_model_input\xml_control_files\community_dynamic_105_V2_07.xml,C:\Users\Jonas\Documents\MASCOT\SourceCode\data_and_results\data_raw\logs\community_dynamic_105_V2_07.log,2026-06-05T17:59:13.268596,2026-06-05T18:04:32.769776,319.50118,0,OK
C:\Users\Jonas\Documents\MASCOT\SourceCode\data_and_results\data_model_input\xml_control_files\community_dynamic_105_V2_08.xml,C:\Users\Jonas\Documents\MASCOT\SourceCode\data_and_results\data_raw\logs\community_dynamic_105_V2_08.log,2026-06-05T17:59:16.807649,2026-06-05T18:04:36.260744,319.453095,0,OK
C:\Users\Jonas\Documents\MASCOT\SourceCode\data_and_results\data_model_input\xml_control_files\community_dynamic_35_V1_04.xml,C:\Users\Jonas\Documents\MASCOT\SourceCode\data_and_results\data_raw\logs\community_dynamic_35_V1_04.log,2026-06-05T18:03:59.167513,2026-06-05T18:06:14.807210,135.639697,0,OK
C:\Users\Jonas\Documents\MASCOT\SourceCode\data_and_results\data_model_input\xml_control_files\community_dynamic_35_V1_03.xml,C:\Users\Jonas\Documents\MASCOT\SourceCode\data_and_results\data_raw\logs\community_dynamic_35_V1_03.log,2026-06-05T18:03:57.649035,2026-06-05T18:06:15.443540,137.794505,0,OK
C:\Users\Jonas\Documents\MASCOT\SourceCode\data_and_results\data_model_input\xml_control_files\community_dynamic_35_V1_05.xml,C:\Users\Jonas\Documents\MASCOT\SourceCode\data_and_results\data_raw\logs\community_dynamic_35_V1_05.log,2026-06-05T18:04:32.772820,2026-06-05T18:06:49.629082,136.856262,0,OK
C:\Users\Jonas\Documents\MASCOT\SourceCode\data_and_results\data_model_input\xml_control_files\community_dynamic_35_V1_06.xml,C:\Users\Jonas\Documents\MASCOT\SourceCode\data_and_results\data_raw\logs\community_dynamic_35_V1_06.log,2026-06-05T18:04:36.267074,2026-06-05T18:06:52.938199,136.671125,0,OK
C:\Users\Jonas\Documents\MASCOT\SourceCode\data_and_results\data_model_input\xml_control_files\community_dynamic_105_V2_09.xml,C:\Users\Jonas\Documents\MASCOT\SourceCode\data_and_results\data_raw\logs\community_dynamic_105_V2_09.log,2026-06-05T18:01:38.201025,2026-06-05T18:06:59.457817,321.256792,0,OK
C:\Users\Jonas\Documents\MASCOT\SourceCode\data_and_results\data_model_input\xml_control_files\community_dynamic_105_V2_10.xml,C:\Users\Jonas\Documents\MASCOT\SourceCode\data_and_results\data_raw\logs\community_dynamic_105_V2_10.log,2026-06-05T18:01:41.924067,2026-06-05T18:07:01.953710,320.029643,0,OK
C:\Users\Jonas\Documents\MASCOT\SourceCode\data_and_results\data_model_input\xml_control_files\community_dynamic_35_V1_08.xml,C:\Users\Jonas\Documents\MASCOT\SourceCode\data_and_results\data_raw\logs\community_dynamic_35_V1_08.log,2026-06-05T18:06:15.447933,2026-06-05T18:08:31.439769,135.991836,0,OK
C:\Users\Jonas\Documents\MASCOT\SourceCode\data_and_results\data_model_input\xml_control_files\community_dynamic_35_V1_07.xml,C:\Users\Jonas\Documents\MASCOT\SourceCode\data_and_results\data_raw\logs\community_dynamic_35_V1_07.log,2026-06-05T18:06:14.810653,2026-06-05T18:08:31.841265,137.030612,0,OK
C:\Users\Jonas\Documents\MASCOT\SourceCode\data_and_results\data_model_input\xml_control_files\community_dynamic_35_V2_01.xml,C:\Users\Jonas\Documents\MASCOT\SourceCode\data_and_results\data_raw\logs\community_dynamic_35_V2_01.log,2026-06-05T18:06:59.461144,2026-06-05T18:09:04.897758,125.436614,0,OK
C:\Users\Jonas\Documents\MASCOT\SourceCode\data_and_results\data_model_input\xml_control_files\community_dynamic_35_V1_09.xml,C:\Users\Jonas\Documents\MASCOT\SourceCode\data_and_results\data_raw\logs\community_dynamic_35_V1_09.log,2026-06-05T18:06:49.632349,2026-06-05T18:09:05.072580,135.440231,0,OK
C:\Users\Jonas\Documents\MASCOT\SourceCode\data_and_results\data_model_input\xml_control_files\community_dynamic_35_V2_02.xml,C:\Users\Jonas\Documents\MASCOT\SourceCode\data_and_results\data_raw\logs\community_dynamic_35_V2_02.log,2026-06-05T18:07:01.957278,2026-06-05T18:09:06.096989,124.139711,0,OK
C:\Users\Jonas\Documents\MASCOT\SourceCode\data_and_results\data_model_input\xml_control_files\community_dynamic_35_V1_10.xml,C:\Users\Jonas\Documents\MASCOT\SourceCode\data_and_results\data_raw\logs\community_dynamic_35_V1_10.log,2026-06-05T18:06:52.943322,2026-06-05T18:09:09.431366,136.488044,0,OK
C:\Users\Jonas\Documents\MASCOT\SourceCode\data_and_results\data_model_input\xml_control_files\community_dynamic_35_V2_03.xml,C:\Users\Jonas\Documents\MASCOT\SourceCode\data_and_results\data_raw\logs\community_dynamic_35_V2_03.log,2026-06-05T18:08:31.444269,2026-06-05T18:10:36.574155,125.129886,0,OK
C:\Users\Jonas\Documents\MASCOT\SourceCode\data_and_results\data_model_input\xml_control_files\community_dynamic_35_V2_04.xml,C:\Users\Jonas\Documents\MASCOT\SourceCode\data_and_results\data_raw\logs\community_dynamic_35_V2_04.log,2026-06-05T18:08:31.844043,2026-06-05T18:10:38.050984,126.206941,0,OK
C:\Users\Jonas\Documents\MASCOT\SourceCode\data_and_results\data_model_input\xml_control_files\community_dynamic_35_V2_05.xml,C:\Users\Jonas\Documents\MASCOT\SourceCode\data_and_results\data_raw\logs\community_dynamic_35_V2_05.log,2026-06-05T18:09:04.900791,2026-06-05T18:11:08.663895,123.763104,0,OK
C:\Users\Jonas\Documents\MASCOT\SourceCode\data_and_results\data_model_input\xml_control_files\community_dynamic_35_V2_06.xml,C:\Users\Jonas\Documents\MASCOT\SourceCode\data_and_results\data_raw\logs\community_dynamic_35_V2_06.log,2026-06-05T18:09:05.077583,2026-06-05T18:11:09.223506,124.145923,0,OK
C:\Users\Jonas\Documents\MASCOT\SourceCode\data_and_results\data_model_input\xml_control_files\community_dynamic_35_V2_07.xml,C:\Users\Jonas\Documents\MASCOT\SourceCode\data_and_results\data_raw\logs\community_dynamic_35_V2_07.log,2026-06-05T18:09:06.100065,2026-06-05T18:11:10.872801,124.772736,0,OK
C:\Users\Jonas\Documents\MASCOT\SourceCode\data_and_results\data_model_input\xml_control_files\community_dynamic_35_V2_08.xml,C:\Users\Jonas\Documents\MASCOT\SourceCode\data_and_results\data_raw\logs\community_dynamic_35_V2_08.log,2026-06-05T18:09:09.434457,2026-06-05T18:11:13.255131,123.820674,0,OK
C:\Users\Jonas\Documents\MASCOT\SourceCode\data_and_results\data_model_input\xml_control_files\community_dynamic_35_V2_09.xml,C:\Users\Jonas\Documents\MASCOT\SourceCode\data_and_results\data_raw\logs\community_dynamic_35_V2_09.log,2026-06-05T18:10:36.578823,2026-06-05T18:12:42.871440,126.292617,0,OK
C:\Users\Jonas\Documents\MASCOT\SourceCode\data_and_results\data_model_input\xml_control_files\community_dynamic_35_V2_10.xml,C:\Users\Jonas\Documents\MASCOT\SourceCode\data_and_results\data_raw\logs\community_dynamic_35_V2_10.log,2026-06-05T18:10:38.056432,2026-06-05T18:12:43.361201,125.304769,0,OK
C:\Users\Jonas\Documents\MASCOT\SourceCode\data_and_results\data_model_input\xml_control_files\community_dynamic_70_V1_01.xml,C:\Users\Jonas\Documents\MASCOT\SourceCode\data_and_results\data_raw\logs\community_dynamic_70_V1_01.log,2026-06-05T18:11:08.668835,2026-06-05T18:13:50.770928,162.102093,0,OK
C:\Users\Jonas\Documents\MASCOT\SourceCode\data_and_results\data_model_input\xml_control_files\community_dynamic_70_V1_02.xml,C:\Users\Jonas\Documents\MASCOT\SourceCode\data_and_results\data_raw\logs\community_dynamic_70_V1_02.log,2026-06-05T18:11:09.227529,2026-06-05T18:13:53.673593,164.446064,0,OK
C:\Users\Jonas\Documents\MASCOT\SourceCode\data_and_results\data_model_input\xml_control_files\community_dynamic_70_V1_03.xml,C:\Users\Jonas\Documents\MASCOT\SourceCode\data_and_results\data_raw\logs\community_dynamic_70_V1_03.log,2026-06-05T18:11:10.876975,2026-06-05T18:13:55.957137,165.080162,0,OK
C:\Users\Jonas\Documents\MASCOT\SourceCode\data_and_results\data_model_input\xml_control_files\community_dynamic_70_V1_04.xml,C:\Users\Jonas\Documents\MASCOT\SourceCode\data_and_results\data_raw\logs\community_dynamic_70_V1_04.log,2026-06-05T18:11:13.259264,2026-06-05T18:13:57.191427,163.932163,0,OK
C:\Users\Jonas\Documents\MASCOT\SourceCode\data_and_results\data_model_input\xml_control_files\community_dynamic_70_V1_05.xml,C:\Users\Jonas\Documents\MASCOT\SourceCode\data_and_results\data_raw\logs\community_dynamic_70_V1_05.log,2026-06-05T18:12:42.876107,2026-06-05T18:15:24.587091,161.710984,0,OK
C:\Users\Jonas\Documents\MASCOT\SourceCode\data_and_results\data_model_input\xml_control_files\community_dynamic_70_V1_06.xml,C:\Users\Jonas\Documents\MASCOT\SourceCode\data_and_results\data_raw\logs\community_dynamic_70_V1_06.log,2026-06-05T18:12:43.365202,2026-06-05T18:15:25.488521,162.123319,0,OK
C:\Users\Jonas\Documents\MASCOT\SourceCode\data_and_results\data_model_input\xml_control_files\community_dynamic_70_V1_07.xml,C:\Users\Jonas\Documents\MASCOT\SourceCode\data_and_results\data_raw\logs\community_dynamic_70_V1_07.log,2026-06-05T18:13:50.776630,2026-06-05T18:16:34.429948,163.653318,0,OK
C:\Users\Jonas\Documents\MASCOT\SourceCode\data_and_results\data_model_input\xml_control_files\community_dynamic_70_V1_08.xml,C:\Users\Jonas\Documents\MASCOT\SourceCode\data_and_results\data_raw\logs\community_dynamic_70_V1_08.log,2026-06-05T18:13:53.676708,2026-06-05T18:16:37.161346,163.484638,0,OK
C:\Users\Jonas\Documents\MASCOT\SourceCode\data_and_results\data_model_input\xml_control_files\community_dynamic_70_V1_09.xml,C:\Users\Jonas\Documents\MASCOT\SourceCode\data_and_results\data_raw\logs\community_dynamic_70_V1_09.log,2026-06-05T18:13:55.962140,2026-06-05T18:16:38.867249,162.905109,0,OK
C:\Users\Jonas\Documents\MASCOT\SourceCode\data_and_results\data_model_input\xml_control_files\community_dynamic_70_V1_10.xml,C:\Users\Jonas\Documents\MASCOT\SourceCode\data_and_results\data_raw\logs\community_dynamic_70_V1_10.log,2026-06-05T18:13:57.194551,2026-06-05T18:16:40.616483,163.421932,0,OK
C:\Users\Jonas\Documents\MASCOT\SourceCode\data_and_results\data_model_input\xml_control_files\community_dynamic_70_V2_01.xml,C:\Users\Jonas\Documents\MASCOT\SourceCode\data_and_results\data_raw\logs\community_dynamic_70_V2_01.log,2026-06-05T18:15:24.592381,2026-06-05T18:18:25.678758,181.086377,0,OK
C:\Users\Jonas\Documents\MASCOT\SourceCode\data_and_results\data_model_input\xml_control_files\community_dynamic_70_V2_02.xml,C:\Users\Jonas\Documents\MASCOT\SourceCode\data_and_results\data_raw\logs\community_dynamic_70_V2_02.log,2026-06-05T18:15:25.492652,2026-06-05T18:18:29.098928,183.606276,0,OK
C:\Users\Jonas\Documents\MASCOT\SourceCode\data_and_results\data_model_input\xml_control_files\community_dynamic_70_V2_03.xml,C:\Users\Jonas\Documents\MASCOT\SourceCode\data_and_results\data_raw\logs\community_dynamic_70_V2_03.log,2026-06-05T18:16:34.433958,2026-06-05T18:19:34.906307,180.472349,0,OK
C:\Users\Jonas\Documents\MASCOT\SourceCode\data_and_results\data_model_input\xml_control_files\community_dynamic_70_V2_05.xml,C:\Users\Jonas\Documents\MASCOT\SourceCode\data_and_results\data_raw\logs\community_dynamic_70_V2_05.log,2026-06-05T18:16:38.872359,2026-06-05T18:19:38.106234,179.233875,0,OK
C:\Users\Jonas\Documents\MASCOT\SourceCode\data_and_results\data_model_input\xml_control_files\community_dynamic_70_V2_04.xml,C:\Users\Jonas\Documents\MASCOT\SourceCode\data_and_results\data_raw\logs\community_dynamic_70_V2_04.log,2026-06-05T18:16:37.166605,2026-06-05T18:19:38.852852,181.686247,0,OK
C:\Users\Jonas\Documents\MASCOT\SourceCode\data_and_results\data_model_input\xml_control_files\community_dynamic_70_V2_06.xml,C:\Users\Jonas\Documents\MASCOT\SourceCode\data_and_results\data_raw\logs\community_dynamic_70_V2_06.log,2026-06-05T18:16:40.623110,2026-06-05T18:19:43.849854,183.226744,0,OK
C:\Users\Jonas\Documents\MASCOT\SourceCode\data_and_results\data_model_input\xml_control_files\community_dynamic_70_V2_07.xml,C:\Users\Jonas\Documents\MASCOT\SourceCode\data_and_results\data_raw\logs\community_dynamic_70_V2_07.log,2026-06-05T18:18:25.681787,2026-06-05T18:21:41.466658,195.784871,0,OK
C:\Users\Jonas\Documents\MASCOT\SourceCode\data_and_results\data_model_input\xml_control_files\community_dynamic_70_V2_08.xml,C:\Users\Jonas\Documents\MASCOT\SourceCode\data_and_results\data_raw\logs\community_dynamic_70_V2_08.log,2026-06-05T18:18:29.103321,2026-06-05T18:21:42.050866,192.947545,0,OK
C:\Users\Jonas\Documents\MASCOT\SourceCode\data_and_results\data_model_input\xml_control_files\community_static_0.035_01.xml,C:\Users\Jonas\Documents\MASCOT\SourceCode\data_and_results\data_raw\logs\community_static_0.035_01.log,2026-06-05T18:19:38.856146,2026-06-05T18:21:52.408802,133.552656,0,OK
C:\Users\Jonas\Documents\MASCOT\SourceCode\data_and_results\data_model_input\xml_control_files\community_static_0.035_02.xml,C:\Users\Jonas\Documents\MASCOT\SourceCode\data_and_results\data_raw\logs\community_static_0.035_02.log,2026-06-05T18:19:43.853857,2026-06-05T18:21:56.809587,132.95573,0,OK
C:\Users\Jonas\Documents\MASCOT\SourceCode\data_and_results\data_model_input\xml_control_files\community_dynamic_70_V2_09.xml,C:\Users\Jonas\Documents\MASCOT\SourceCode\data_and_results\data_raw\logs\community_dynamic_70_V2_09.log,2026-06-05T18:19:34.909409,2026-06-05T18:22:49.061676,194.152267,0,OK
C:\Users\Jonas\Documents\MASCOT\SourceCode\data_and_results\data_model_input\xml_control_files\community_dynamic_70_V2_10.xml,C:\Users\Jonas\Documents\MASCOT\SourceCode\data_and_results\data_raw\logs\community_dynamic_70_V2_10.log,2026-06-05T18:19:38.106234,2026-06-05T18:22:53.676686,195.570452,0,OK
C:\Users\Jonas\Documents\MASCOT\SourceCode\data_and_results\data_model_input\xml_control_files\community_static_0.035_04.xml,C:\Users\Jonas\Documents\MASCOT\SourceCode\data_and_results\data_raw\logs\community_static_0.035_04.log,2026-06-05T18:21:42.054986,2026-06-05T18:23:46.600818,124.545832,0,OK
C:\Users\Jonas\Documents\MASCOT\SourceCode\data_and_results\data_model_input\xml_control_files\community_static_0.035_03.xml,C:\Users\Jonas\Documents\MASCOT\SourceCode\data_and_results\data_raw\logs\community_static_0.035_03.log,2026-06-05T18:21:41.471582,2026-06-05T18:23:46.600818,125.129236,0,OK
C:\Users\Jonas\Documents\MASCOT\SourceCode\data_and_results\data_model_input\xml_control_files\community_static_0.035_05.xml,C:\Users\Jonas\Documents\MASCOT\SourceCode\data_and_results\data_raw\logs\community_static_0.035_05.log,2026-06-05T18:21:52.411876,2026-06-05T18:23:58.373784,125.961908,0,OK
C:\Users\Jonas\Documents\MASCOT\SourceCode\data_and_results\data_model_input\xml_control_files\community_static_0.035_06.xml,C:\Users\Jonas\Documents\MASCOT\SourceCode\data_and_results\data_raw\logs\community_static_0.035_06.log,2026-06-05T18:21:56.813783,2026-06-05T18:23:59.494740,122.680957,0,OK
C:\Users\Jonas\Documents\MASCOT\SourceCode\data_and_results\data_model_input\xml_control_files\community_static_0.035_07.xml,C:\Users\Jonas\Documents\MASCOT\SourceCode\data_and_results\data_raw\logs\community_static_0.035_07.log,2026-06-05T18:22:49.065942,2026-06-05T18:24:50.739097,121.673155,0,OK
C:\Users\Jonas\Documents\MASCOT\SourceCode\data_and_results\data_model_input\xml_control_files\community_static_0.035_08.xml,C:\Users\Jonas\Documents\MASCOT\SourceCode\data_and_results\data_raw\logs\community_static_0.035_08.log,2026-06-05T18:22:53.679649,2026-06-05T18:24:56.533317,122.853668,0,OK
C:\Users\Jonas\Documents\MASCOT\SourceCode\data_and_results\data_model_input\xml_control_files\community_static_0.035_10.xml,C:\Users\Jonas\Documents\MASCOT\SourceCode\data_and_results\data_raw\logs\community_static_0.035_10.log,2026-06-05T18:23:46.603929,2026-06-05T18:25:49.659818,123.055889,0,OK
C:\Users\Jonas\Documents\MASCOT\SourceCode\data_and_results\data_model_input\xml_control_files\community_static_0.035_09.xml,C:\Users\Jonas\Documents\MASCOT\SourceCode\data_and_results\data_raw\logs\community_static_0.035_09.log,2026-06-05T18:23:46.605470,2026-06-05T18:25:49.672673,123.067203,0,OK
C:\Users\Jonas\Documents\MASCOT\SourceCode\data_and_results\data_model_input\xml_control_files\community_static_0.070_01.xml,C:\Users\Jonas\Documents\MASCOT\SourceCode\data_and_results\data_raw\logs\community_static_0.070_01.log,2026-06-05T18:23:58.378297,2026-06-05T18:26:33.019050,154.640753,0,OK
C:\Users\Jonas\Documents\MASCOT\SourceCode\data_and_results\data_model_input\xml_control_files\community_static_0.070_02.xml,C:\Users\Jonas\Documents\MASCOT\SourceCode\data_and_results\data_raw\logs\community_static_0.070_02.log,2026-06-05T18:23:59.497751,2026-06-05T18:26:33.602928,154.105177,0,OK
C:\Users\Jonas\Documents\MASCOT\SourceCode\data_and_results\data_model_input\xml_control_files\community_static_0.070_03.xml,C:\Users\Jonas\Documents\MASCOT\SourceCode\data_and_results\data_raw\logs\community_static_0.070_03.log,2026-06-05T18:24:50.743164,2026-06-05T18:27:24.045615,153.302451,0,OK
C:\Users\Jonas\Documents\MASCOT\SourceCode\data_and_results\data_model_input\xml_control_files\community_static_0.070_04.xml,C:\Users\Jonas\Documents\MASCOT\SourceCode\data_and_results\data_raw\logs\community_static_0.070_04.log,2026-06-05T18:24:56.537177,2026-06-05T18:27:31.236845,154.699668,0,OK
C:\Users\Jonas\Documents\MASCOT\SourceCode\data_and_results\data_model_input\xml_control_files\community_static_0.070_06.xml,C:\Users\Jonas\Documents\MASCOT\SourceCode\data_and_results\data_raw\logs\community_static_0.070_06.log,2026-06-05T18:25:49.676726,2026-06-05T18:28:24.719605,155.042879,0,OK
C:\Users\Jonas\Documents\MASCOT\SourceCode\data_and_results\data_model_input\xml_control_files\community_static_0.070_05.xml,C:\Users\Jonas\Documents\MASCOT\SourceCode\data_and_results\data_raw\logs\community_static_0.070_05.log,2026-06-05T18:25:49.662710,2026-06-05T18:28:26.543144,156.880434,0,OK
C:\Users\Jonas\Documents\MASCOT\SourceCode\data_and_results\data_model_input\xml_control_files\community_static_0.070_08.xml,C:\Users\Jonas\Documents\MASCOT\SourceCode\data_and_results\data_raw\logs\community_static_0.070_08.log,2026-06-05T18:26:33.606373,2026-06-05T18:29:05.801149,152.194776,0,OK
C:\Users\Jonas\Documents\MASCOT\SourceCode\data_and_results\data_model_input\xml_control_files\community_static_0.070_07.xml,C:\Users\Jonas\Documents\MASCOT\SourceCode\data_and_results\data_raw\logs\community_static_0.070_07.log,2026-06-05T18:26:33.022141,2026-06-05T18:29:05.914821,152.89268,0,OK
C:\Users\Jonas\Documents\MASCOT\SourceCode\data_and_results\data_model_input\xml_control_files\community_static_0.070_09.xml,C:\Users\Jonas\Documents\MASCOT\SourceCode\data_and_results\data_raw\logs\community_static_0.070_09.log,2026-06-05T18:27:24.049270,2026-06-05T18:29:58.270366,154.221096,0,OK
C:\Users\Jonas\Documents\MASCOT\SourceCode\data_and_results\data_model_input\xml_control_files\community_static_0.070_10.xml,C:\Users\Jonas\Documents\MASCOT\SourceCode\data_and_results\data_raw\logs\community_static_0.070_10.log,2026-06-05T18:27:31.239487,2026-06-05T18:30:03.283426,152.043939,0,OK
C:\Users\Jonas\Documents\MASCOT\SourceCode\data_and_results\data_model_input\xml_control_files\community_static_0.105_02.xml,C:\Users\Jonas\Documents\MASCOT\SourceCode\data_and_results\data_raw\logs\community_static_0.105_02.log,2026-06-05T18:28:26.546636,2026-06-05T18:35:29.574119,423.027483,0,OK
C:\Users\Jonas\Documents\MASCOT\SourceCode\data_and_results\data_model_input\xml_control_files\community_static_0.105_01.xml,C:\Users\Jonas\Documents\MASCOT\SourceCode\data_and_results\data_raw\logs\community_static_0.105_01.log,2026-06-05T18:28:24.722989,2026-06-05T18:35:41.211327,436.488338,0,OK
C:\Users\Jonas\Documents\MASCOT\SourceCode\data_and_results\data_model_input\xml_control_files\community_static_0.105_03.xml,C:\Users\Jonas\Documents\MASCOT\SourceCode\data_and_results\data_raw\logs\community_static_0.105_03.log,2026-06-05T18:29:05.804249,2026-06-05T18:36:00.579262,414.775013,0,OK
C:\Users\Jonas\Documents\MASCOT\SourceCode\data_and_results\data_model_input\xml_control_files\community_static_0.105_04.xml,C:\Users\Jonas\Documents\MASCOT\SourceCode\data_and_results\data_raw\logs\community_static_0.105_04.log,2026-06-05T18:29:05.917967,2026-06-05T18:36:15.353685,429.435718,0,OK
C:\Users\Jonas\Documents\MASCOT\SourceCode\data_and_results\data_model_input\xml_control_files\community_static_0.105_05.xml,C:\Users\Jonas\Documents\MASCOT\SourceCode\data_and_results\data_raw\logs\community_static_0.105_05.log,2026-06-05T18:29:58.272666,2026-06-05T18:36:55.661766,417.3891,0,OK
C:\Users\Jonas\Documents\MASCOT\SourceCode\data_and_results\data_model_input\xml_control_files\community_static_0.105_06.xml,C:\Users\Jonas\Documents\MASCOT\SourceCode\data_and_results\data_raw\logs\community_static_0.105_06.log,2026-06-05T18:30:03.287087,2026-06-05T18:37:03.809288,420.522201,0,OK
C:\Users\Jonas\Documents\MASCOT\SourceCode\data_and_results\data_model_input\xml_control_files\community_static_0.140_01.xml,C:\Users\Jonas\Documents\MASCOT\SourceCode\data_and_results\data_raw\logs\community_static_0.140_01.log,2026-06-05T18:36:55.665672,2026-06-05T18:42:10.073571,314.407899,0,OK
C:\Users\Jonas\Documents\MASCOT\SourceCode\data_and_results\data_model_input\xml_control_files\community_static_0.140_02.xml,C:\Users\Jonas\Documents\MASCOT\SourceCode\data_and_results\data_raw\logs\community_static_0.140_02.log,2026-06-05T18:37:03.813244,2026-06-05T18:42:18.675591,314.862347,0,OK
C:\Users\Jonas\Documents\MASCOT\SourceCode\data_and_results\data_model_input\xml_control_files\community_static_0.105_07.xml,C:\Users\Jonas\Documents\MASCOT\SourceCode\data_and_results\data_raw\logs\community_static_0.105_07.log,2026-06-05T18:35:29.577403,2026-06-05T18:43:18.222976,468.645573,0,OK
C:\Users\Jonas\Documents\MASCOT\SourceCode\data_and_results\data_model_input\xml_control_files\community_static_0.105_08.xml,C:\Users\Jonas\Documents\MASCOT\SourceCode\data_and_results\data_raw\logs\community_static_0.105_08.log,2026-06-05T18:35:41.214666,2026-06-05T18:43:43.422903,482.208237,0,OK
C:\Users\Jonas\Documents\MASCOT\SourceCode\data_and_results\data_model_input\xml_control_files\community_static_0.105_09.xml,C:\Users\Jonas\Documents\MASCOT\SourceCode\data_and_results\data_raw\logs\community_static_0.105_09.log,2026-06-05T18:36:00.582910,2026-06-05T18:44:00.158722,479.575812,0,OK
C:\Users\Jonas\Documents\MASCOT\SourceCode\data_and_results\data_model_input\xml_control_files\community_static_0.105_10.xml,C:\Users\Jonas\Documents\MASCOT\SourceCode\data_and_results\data_raw\logs\community_static_0.105_10.log,2026-06-05T18:36:15.357632,2026-06-05T18:44:24.208654,488.851022,0,OK
C:\Users\Jonas\Documents\MASCOT\SourceCode\data_and_results\data_model_input\xml_control_files\community_static_0.140_03.xml,C:\Users\Jonas\Documents\MASCOT\SourceCode\data_and_results\data_raw\logs\community_static_0.140_03.log,2026-06-05T18:42:10.076581,2026-06-05T18:47:57.715669,347.639088,0,OK
C:\Users\Jonas\Documents\MASCOT\SourceCode\data_and_results\data_model_input\xml_control_files\community_static_0.140_04.xml,C:\Users\Jonas\Documents\MASCOT\SourceCode\data_and_results\data_raw\logs\community_static_0.140_04.log,2026-06-05T18:42:18.678598,2026-06-05T18:48:03.178156,344.499558,0,OK
C:\Users\Jonas\Documents\MASCOT\SourceCode\data_and_results\data_model_input\xml_control_files\community_static_0.140_05.xml,C:\Users\Jonas\Documents\MASCOT\SourceCode\data_and_results\data_raw\logs\community_static_0.140_05.log,2026-06-05T18:43:18.226079,2026-06-05T18:49:08.962101,350.736022,0,OK
C:\Users\Jonas\Documents\MASCOT\SourceCode\data_and_results\data_model_input\xml_control_files\community_static_0.140_06.xml,C:\Users\Jonas\Documents\MASCOT\SourceCode\data_and_results\data_raw\logs\community_static_0.140_06.log,2026-06-05T18:43:43.428575,2026-06-05T18:49:30.528979,347.100404,0,OK
C:\Users\Jonas\Documents\MASCOT\SourceCode\data_and_results\data_model_input\xml_control_files\community_static_0.140_07.xml,C:\Users\Jonas\Documents\MASCOT\SourceCode\data_and_results\data_raw\logs\community_static_0.140_07.log,2026-06-05T18:44:00.163344,2026-06-05T18:49:49.521584,349.35824,0,OK
C:\Users\Jonas\Documents\MASCOT\SourceCode\data_and_results\data_model_input\xml_control_files\community_static_0.140_08.xml,C:\Users\Jonas\Documents\MASCOT\SourceCode\data_and_results\data_raw\logs\community_static_0.140_08.log,2026-06-05T18:44:24.213831,2026-06-05T18:50:12.436294,348.222463,0,OK
C:\Users\Jonas\Documents\MASCOT\SourceCode\data_and_results\data_model_input\xml_control_files\monoculture_static_pft1_0.035_01.xml,C:\Users\Jonas\Documents\MASCOT\SourceCode\data_and_results\data_raw\logs\monoculture_static_pft1_0.035_01.log,2026-06-05T18:49:08.965630,2026-06-05T18:51:28.913221,139.947591,0,OK
C:\Users\Jonas\Documents\MASCOT\SourceCode\data_and_results\data_model_input\xml_control_files\monoculture_static_pft1_0.035_02.xml,C:\Users\Jonas\Documents\MASCOT\SourceCode\data_and_results\data_raw\logs\monoculture_static_pft1_0.035_02.log,2026-06-05T18:49:30.532546,2026-06-05T18:51:53.955586,143.42304,0,OK
C:\Users\Jonas\Documents\MASCOT\SourceCode\data_and_results\data_model_input\xml_control_files\monoculture_static_pft1_0.035_03.xml,C:\Users\Jonas\Documents\MASCOT\SourceCode\data_and_results\data_raw\logs\monoculture_static_pft1_0.035_03.log,2026-06-05T18:49:49.526299,2026-06-05T18:52:10.553615,141.027316,0,OK
C:\Users\Jonas\Documents\MASCOT\SourceCode\data_and_results\data_model_input\xml_control_files\monoculture_static_pft1_0.035_04.xml,C:\Users\Jonas\Documents\MASCOT\SourceCode\data_and_results\data_raw\logs\monoculture_static_pft1_0.035_04.log,2026-06-05T18:50:12.439842,2026-06-05T18:52:35.291041,142.851199,0,OK
C:\Users\Jonas\Documents\MASCOT\SourceCode\data_and_results\data_model_input\xml_control_files\monoculture_static_pft1_0.035_05.xml,C:\Users\Jonas\Documents\MASCOT\SourceCode\data_and_results\data_raw\logs\monoculture_static_pft1_0.035_05.log,2026-06-05T18:51:28.915916,2026-06-05T18:53:52.209558,143.293642,0,OK
C:\Users\Jonas\Documents\MASCOT\SourceCode\data_and_results\data_model_input\xml_control_files\community_static_0.140_09.xml,C:\Users\Jonas\Documents\MASCOT\SourceCode\data_and_results\data_raw\logs\community_static_0.140_09.log,2026-06-05T18:47:57.721373,2026-06-05T18:53:55.998885,358.277512,0,OK
C:\Users\Jonas\Documents\MASCOT\SourceCode\data_and_results\data_model_input\xml_control_files\community_static_0.140_10.xml,C:\Users\Jonas\Documents\MASCOT\SourceCode\data_and_results\data_raw\logs\community_static_0.140_10.log,2026-06-05T18:48:03.182663,2026-06-05T18:53:58.048662,354.865999,0,OK
C:\Users\Jonas\Documents\MASCOT\SourceCode\data_and_results\data_model_input\xml_control_files\monoculture_static_pft1_0.035_06.xml,C:\Users\Jonas\Documents\MASCOT\SourceCode\data_and_results\data_raw\logs\monoculture_static_pft1_0.035_06.log,2026-06-05T18:51:53.958994,2026-06-05T18:54:17.894986,143.935992,0,OK
C:\Users\Jonas\Documents\MASCOT\SourceCode\data_and_results\data_model_input\xml_control_files\monoculture_static_pft1_0.035_07.xml,C:\Users\Jonas\Documents\MASCOT\SourceCode\data_and_results\data_raw\logs\monoculture_static_pft1_0.035_07.log,2026-06-05T18:52:10.558137,2026-06-05T18:54:36.034145,145.476008,0,OK
C:\Users\Jonas\Documents\MASCOT\SourceCode\data_and_results\data_model_input\xml_control_files\monoculture_static_pft1_0.035_08.xml,C:\Users\Jonas\Documents\MASCOT\SourceCode\data_and_results\data_raw\logs\monoculture_static_pft1_0.035_08.log,2026-06-05T18:52:35.293181,2026-06-05T18:55:00.883645,145.590464,0,OK
C:\Users\Jonas\Documents\MASCOT\SourceCode\data_and_results\data_model_input\xml_control_files\monoculture_static_pft1_0.035_09.xml,C:\Users\Jonas\Documents\MASCOT\SourceCode\data_and_results\data_raw\logs\monoculture_static_pft1_0.035_09.log,2026-06-05T18:53:52.214017,2026-06-05T18:56:20.460953,148.246936,0,OK
C:\Users\Jonas\Documents\MASCOT\SourceCode\data_and_results\data_model_input\xml_control_files\monoculture_static_pft1_0.035_10.xml,C:\Users\Jonas\Documents\MASCOT\SourceCode\data_and_results\data_raw\logs\monoculture_static_pft1_0.035_10.log,2026-06-05T18:53:56.002173,2026-06-05T18:56:23.924408,147.922235,0,OK
C:\Users\Jonas\Documents\MASCOT\SourceCode\data_and_results\data_model_input\xml_control_files\monoculture_static_pft1_0.070_01.xml,C:\Users\Jonas\Documents\MASCOT\SourceCode\data_and_results\data_raw\logs\monoculture_static_pft1_0.070_01.log,2026-06-05T18:53:58.052674,2026-06-05T18:57:34.959757,216.907083,0,OK
C:\Users\Jonas\Documents\MASCOT\SourceCode\data_and_results\data_model_input\xml_control_files\monoculture_static_pft1_0.070_02.xml,C:\Users\Jonas\Documents\MASCOT\SourceCode\data_and_results\data_raw\logs\monoculture_static_pft1_0.070_02.log,2026-06-05T18:54:17.898922,2026-06-05T18:57:54.575721,216.676799,0,OK
C:\Users\Jonas\Documents\MASCOT\SourceCode\data_and_results\data_model_input\xml_control_files\monoculture_static_pft1_0.070_03.xml,C:\Users\Jonas\Documents\MASCOT\SourceCode\data_and_results\data_raw\logs\monoculture_static_pft1_0.070_03.log,2026-06-05T18:54:36.037371,2026-06-05T18:58:15.560197,219.522826,0,OK
C:\Users\Jonas\Documents\MASCOT\SourceCode\data_and_results\data_model_input\xml_control_files\monoculture_static_pft1_0.070_04.xml,C:\Users\Jonas\Documents\MASCOT\SourceCode\data_and_results\data_raw\logs\monoculture_static_pft1_0.070_04.log,2026-06-05T18:55:00.887639,2026-06-05T18:58:40.988857,220.101218,0,OK
C:\Users\Jonas\Documents\MASCOT\SourceCode\data_and_results\data_model_input\xml_control_files\monoculture_static_pft1_0.070_05.xml,C:\Users\Jonas\Documents\MASCOT\SourceCode\data_and_results\data_raw\logs\monoculture_static_pft1_0.070_05.log,2026-06-05T18:56:20.464522,2026-06-05T19:00:02.018803,221.554281,0,OK
C:\Users\Jonas\Documents\MASCOT\SourceCode\data_and_results\data_model_input\xml_control_files\monoculture_static_pft1_0.070_06.xml,C:\Users\Jonas\Documents\MASCOT\SourceCode\data_and_results\data_raw\logs\monoculture_static_pft1_0.070_06.log,2026-06-05T18:56:23.929689,2026-06-05T19:00:03.845387,219.915698,0,OK
C:\Users\Jonas\Documents\MASCOT\SourceCode\data_and_results\data_model_input\xml_control_files\monoculture_static_pft1_0.070_07.xml,C:\Users\Jonas\Documents\MASCOT\SourceCode\data_and_results\data_raw\logs\monoculture_static_pft1_0.070_07.log,2026-06-05T18:57:34.963131,2026-06-05T19:01:11.013800,216.050669,0,OK
C:\Users\Jonas\Documents\MASCOT\SourceCode\data_and_results\data_model_input\xml_control_files\monoculture_static_pft1_0.070_08.xml,C:\Users\Jonas\Documents\MASCOT\SourceCode\data_and_results\data_raw\logs\monoculture_static_pft1_0.070_08.log,2026-06-05T18:57:54.580719,2026-06-05T19:01:30.426377,215.845658,0,OK
C:\Users\Jonas\Documents\MASCOT\SourceCode\data_and_results\data_model_input\xml_control_files\monoculture_static_pft1_0.070_09.xml,C:\Users\Jonas\Documents\MASCOT\SourceCode\data_and_results\data_raw\logs\monoculture_static_pft1_0.070_09.log,2026-06-05T18:58:15.564208,2026-06-05T19:01:46.619761,211.055553,0,OK
C:\Users\Jonas\Documents\MASCOT\SourceCode\data_and_results\data_model_input\xml_control_files\monoculture_static_pft1_0.070_10.xml,C:\Users\Jonas\Documents\MASCOT\SourceCode\data_and_results\data_raw\logs\monoculture_static_pft1_0.070_10.log,2026-06-05T18:58:40.991777,2026-06-05T19:02:13.380325,212.388548,0,OK
C:\Users\Jonas\Documents\MASCOT\SourceCode\data_and_results\data_model_input\xml_control_files\monoculture_static_pft1_0.105_01.xml,C:\Users\Jonas\Documents\MASCOT\SourceCode\data_and_results\data_raw\logs\monoculture_static_pft1_0.105_01.log,2026-06-05T19:00:02.021351,2026-06-05T19:10:53.317006,651.295655,0,OK
C:\Users\Jonas\Documents\MASCOT\SourceCode\data_and_results\data_model_input\xml_control_files\monoculture_static_pft1_0.105_02.xml,C:\Users\Jonas\Documents\MASCOT\SourceCode\data_and_results\data_raw\logs\monoculture_static_pft1_0.105_02.log,2026-06-05T19:00:03.848498,2026-06-05T19:11:03.004998,659.1565,0,OK
C:\Users\Jonas\Documents\MASCOT\SourceCode\data_and_results\data_model_input\xml_control_files\monoculture_static_pft1_0.105_03.xml,C:\Users\Jonas\Documents\MASCOT\SourceCode\data_and_results\data_raw\logs\monoculture_static_pft1_0.105_03.log,2026-06-05T19:01:11.017874,2026-06-05T19:12:11.006328,659.988454,0,OK
C:\Users\Jonas\Documents\MASCOT\SourceCode\data_and_results\data_model_input\xml_control_files\monoculture_static_pft1_0.105_04.xml,C:\Users\Jonas\Documents\MASCOT\SourceCode\data_and_results\data_raw\logs\monoculture_static_pft1_0.105_04.log,2026-06-05T19:01:30.430593,2026-06-05T19:12:27.354390,656.923797,0,OK
C:\Users\Jonas\Documents\MASCOT\SourceCode\data_and_results\data_model_input\xml_control_files\monoculture_static_pft1_0.105_05.xml,C:\Users\Jonas\Documents\MASCOT\SourceCode\data_and_results\data_raw\logs\monoculture_static_pft1_0.105_05.log,2026-06-05T19:01:46.623008,2026-06-05T19:12:36.952077,650.329069,0,OK
C:\Users\Jonas\Documents\MASCOT\SourceCode\data_and_results\data_model_input\xml_control_files\monoculture_static_pft1_0.105_06.xml,C:\Users\Jonas\Documents\MASCOT\SourceCode\data_and_results\data_raw\logs\monoculture_static_pft1_0.105_06.log,2026-06-05T19:02:13.383022,2026-06-05T19:13:09.487001,656.103979,0,OK
C:\Users\Jonas\Documents\MASCOT\SourceCode\data_and_results\data_model_input\xml_control_files\monoculture_static_pft1_0.140_01.xml,C:\Users\Jonas\Documents\MASCOT\SourceCode\data_and_results\data_raw\logs\monoculture_static_pft1_0.140_01.log,2026-06-05T19:12:36.956226,2026-06-05T19:14:28.463839,111.507613,0,OK
C:\Users\Jonas\Documents\MASCOT\SourceCode\data_and_results\data_model_input\xml_control_files\monoculture_static_pft1_0.140_02.xml,C:\Users\Jonas\Documents\MASCOT\SourceCode\data_and_results\data_raw\logs\monoculture_static_pft1_0.140_02.log,2026-06-05T19:13:09.490585,2026-06-05T19:15:01.241329,111.750744,0,OK
C:\Users\Jonas\Documents\MASCOT\SourceCode\data_and_results\data_model_input\xml_control_files\monoculture_static_pft1_0.140_03.xml,C:\Users\Jonas\Documents\MASCOT\SourceCode\data_and_results\data_raw\logs\monoculture_static_pft1_0.140_03.log,2026-06-05T19:14:28.468133,2026-06-05T19:16:22.034903,113.56677,0,OK
C:\Users\Jonas\Documents\MASCOT\SourceCode\data_and_results\data_model_input\xml_control_files\monoculture_static_pft1_0.140_04.xml,C:\Users\Jonas\Documents\MASCOT\SourceCode\data_and_results\data_raw\logs\monoculture_static_pft1_0.140_04.log,2026-06-05T19:15:01.245451,2026-06-05T19:16:55.673926,114.428475,0,OK
C:\Users\Jonas\Documents\MASCOT\SourceCode\data_and_results\data_model_input\xml_control_files\monoculture_static_pft1_0.140_05.xml,C:\Users\Jonas\Documents\MASCOT\SourceCode\data_and_results\data_raw\logs\monoculture_static_pft1_0.140_05.log,2026-06-05T19:16:22.039581,2026-06-05T19:18:16.578767,114.539186,0,OK
C:\Users\Jonas\Documents\MASCOT\SourceCode\data_and_results\data_model_input\xml_control_files\monoculture_static_pft1_0.140_06.xml,C:\Users\Jonas\Documents\MASCOT\SourceCode\data_and_results\data_raw\logs\monoculture_static_pft1_0.140_06.log,2026-06-05T19:16:55.677129,2026-06-05T19:18:49.881645,114.204516,0,OK
C:\Users\Jonas\Documents\MASCOT\SourceCode\data_and_results\data_model_input\xml_control_files\monoculture_static_pft1_0.140_07.xml,C:\Users\Jonas\Documents\MASCOT\SourceCode\data_and_results\data_raw\logs\monoculture_static_pft1_0.140_07.log,2026-06-05T19:18:16.583080,2026-06-05T19:20:09.314556,112.731476,0,OK
C:\Users\Jonas\Documents\MASCOT\SourceCode\data_and_results\data_model_input\xml_control_files\monoculture_static_pft1_0.140_08.xml,C:\Users\Jonas\Documents\MASCOT\SourceCode\data_and_results\data_raw\logs\monoculture_static_pft1_0.140_08.log,2026-06-05T19:18:49.885092,2026-06-05T19:20:43.656270,113.771178,0,OK
C:\Users\Jonas\Documents\MASCOT\SourceCode\data_and_results\data_model_input\xml_control_files\monoculture_static_pft1_0.140_09.xml,C:\Users\Jonas\Documents\MASCOT\SourceCode\data_and_results\data_raw\logs\monoculture_static_pft1_0.140_09.log,2026-06-05T19:20:09.318824,2026-06-05T19:22:01.622584,112.30376,0,OK
C:\Users\Jonas\Documents\MASCOT\SourceCode\data_and_results\data_model_input\xml_control_files\monoculture_static_pft1_0.105_07.xml,C:\Users\Jonas\Documents\MASCOT\SourceCode\data_and_results\data_raw\logs\monoculture_static_pft1_0.105_07.log,2026-06-05T19:10:53.320435,2026-06-05T19:22:27.474140,694.153705,0,OK
C:\Users\Jonas\Documents\MASCOT\SourceCode\data_and_results\data_model_input\xml_control_files\monoculture_static_pft1_0.140_10.xml,C:\Users\Jonas\Documents\MASCOT\SourceCode\data_and_results\data_raw\logs\monoculture_static_pft1_0.140_10.log,2026-06-05T19:20:43.658285,2026-06-05T19:22:36.355693,112.697408,0,OK
C:\Users\Jonas\Documents\MASCOT\SourceCode\data_and_results\data_model_input\xml_control_files\monoculture_static_pft1_0.105_08.xml,C:\Users\Jonas\Documents\MASCOT\SourceCode\data_and_results\data_raw\logs\monoculture_static_pft1_0.105_08.log,2026-06-05T19:11:03.008996,2026-06-05T19:22:42.386797,699.377801,0,OK
C:\Users\Jonas\Documents\MASCOT\SourceCode\data_and_results\data_model_input\xml_control_files\monoculture_static_pft1_0.105_09.xml,C:\Users\Jonas\Documents\MASCOT\SourceCode\data_and_results\data_raw\logs\monoculture_static_pft1_0.105_09.log,2026-06-05T19:12:11.010525,2026-06-05T19:23:43.519607,692.509082,0,OK
C:\Users\Jonas\Documents\MASCOT\SourceCode\data_and_results\data_model_input\xml_control_files\monoculture_static_pft1_0.105_10.xml,C:\Users\Jonas\Documents\MASCOT\SourceCode\data_and_results\data_raw\logs\monoculture_static_pft1_0.105_10.log,2026-06-05T19:12:27.358501,2026-06-05T19:23:59.805649,692.447148,0,OK
C:\Users\Jonas\Documents\MASCOT\SourceCode\data_and_results\data_model_input\xml_control_files\monoculture_static_pft2_0.035_01.xml,C:\Users\Jonas\Documents\MASCOT\SourceCode\data_and_results\data_raw\logs\monoculture_static_pft2_0.035_01.log,2026-06-05T19:22:01.625669,2026-06-05T19:24:31.808183,150.182514,0,OK
C:\Users\Jonas\Documents\MASCOT\SourceCode\data_and_results\data_model_input\xml_control_files\monoculture_static_pft2_0.035_02.xml,C:\Users\Jonas\Documents\MASCOT\SourceCode\data_and_results\data_raw\logs\monoculture_static_pft2_0.035_02.log,2026-06-05T19:22:27.477144,2026-06-05T19:24:59.806554,152.32941,0,OK
C:\Users\Jonas\Documents\MASCOT\SourceCode\data_and_results\data_model_input\xml_control_files\monoculture_static_pft2_0.035_03.xml,C:\Users\Jonas\Documents\MASCOT\SourceCode\data_and_results\data_raw\logs\monoculture_static_pft2_0.035_03.log,2026-06-05T19:22:36.361208,2026-06-05T19:25:10.555814,154.194606,0,OK
C:\Users\Jonas\Documents\MASCOT\SourceCode\data_and_results\data_model_input\xml_control_files\monoculture_static_pft2_0.035_04.xml,C:\Users\Jonas\Documents\MASCOT\SourceCode\data_and_results\data_raw\logs\monoculture_static_pft2_0.035_04.log,2026-06-05T19:22:42.389794,2026-06-05T19:25:16.500659,154.110865,0,OK
C:\Users\Jonas\Documents\MASCOT\SourceCode\data_and_results\data_model_input\xml_control_files\monoculture_static_pft2_0.035_05.xml,C:\Users\Jonas\Documents\MASCOT\SourceCode\data_and_results\data_raw\logs\monoculture_static_pft2_0.035_05.log,2026-06-05T19:23:43.523755,2026-06-05T19:26:21.170375,157.64662,0,OK
C:\Users\Jonas\Documents\MASCOT\SourceCode\data_and_results\data_model_input\xml_control_files\monoculture_static_pft2_0.035_06.xml,C:\Users\Jonas\Documents\MASCOT\SourceCode\data_and_results\data_raw\logs\monoculture_static_pft2_0.035_06.log,2026-06-05T19:23:59.809764,2026-06-05T19:26:37.990229,158.180465,0,OK
C:\Users\Jonas\Documents\MASCOT\SourceCode\data_and_results\data_model_input\xml_control_files\monoculture_static_pft2_0.035_07.xml,C:\Users\Jonas\Documents\MASCOT\SourceCode\data_and_results\data_raw\logs\monoculture_static_pft2_0.035_07.log,2026-06-05T19:24:31.810722,2026-06-05T19:27:04.722534,152.911812,0,OK
C:\Users\Jonas\Documents\MASCOT\SourceCode\data_and_results\data_model_input\xml_control_files\monoculture_static_pft2_0.035_08.xml,C:\Users\Jonas\Documents\MASCOT\SourceCode\data_and_results\data_raw\logs\monoculture_static_pft2_0.035_08.log,2026-06-05T19:24:59.810263,2026-06-05T19:27:25.207557,145.397294,0,OK
C:\Users\Jonas\Documents\MASCOT\SourceCode\data_and_results\data_model_input\xml_control_files\monoculture_static_pft2_0.035_09.xml,C:\Users\Jonas\Documents\MASCOT\SourceCode\data_and_results\data_raw\logs\monoculture_static_pft2_0.035_09.log,2026-06-05T19:25:10.559672,2026-06-05T19:27:34.730175,144.170503,0,OK
C:\Users\Jonas\Documents\MASCOT\SourceCode\data_and_results\data_model_input\xml_control_files\monoculture_static_pft2_0.035_10.xml,C:\Users\Jonas\Documents\MASCOT\SourceCode\data_and_results\data_raw\logs\monoculture_static_pft2_0.035_10.log,2026-06-05T19:25:16.504978,2026-06-05T19:27:38.793713,142.288735,0,OK
C:\Users\Jonas\Documents\MASCOT\SourceCode\data_and_results\data_model_input\xml_control_files\monoculture_static_pft2_0.070_01.xml,C:\Users\Jonas\Documents\MASCOT\SourceCode\data_and_results\data_raw\logs\monoculture_static_pft2_0.070_01.log,2026-06-05T19:26:21.173386,2026-06-05T19:29:06.234911,165.061525,0,OK
C:\Users\Jonas\Documents\MASCOT\SourceCode\data_and_results\data_model_input\xml_control_files\monoculture_static_pft2_0.070_02.xml,C:\Users\Jonas\Documents\MASCOT\SourceCode\data_and_results\data_raw\logs\monoculture_static_pft2_0.070_02.log,2026-06-05T19:26:37.995106,2026-06-05T19:29:16.742012,158.746906,0,OK
C:\Users\Jonas\Documents\MASCOT\SourceCode\data_and_results\data_model_input\xml_control_files\monoculture_static_pft2_0.070_03.xml,C:\Users\Jonas\Documents\MASCOT\SourceCode\data_and_results\data_raw\logs\monoculture_static_pft2_0.070_03.log,2026-06-05T19:27:04.725616,2026-06-05T19:29:43.756313,159.030697,0,OK
C:\Users\Jonas\Documents\MASCOT\SourceCode\data_and_results\data_model_input\xml_control_files\monoculture_static_pft2_0.070_04.xml,C:\Users\Jonas\Documents\MASCOT\SourceCode\data_and_results\data_raw\logs\monoculture_static_pft2_0.070_04.log,2026-06-05T19:27:25.212736,2026-06-05T19:30:07.153597,161.940861,0,OK
C:\Users\Jonas\Documents\MASCOT\SourceCode\data_and_results\data_model_input\xml_control_files\monoculture_static_pft2_0.070_05.xml,C:\Users\Jonas\Documents\MASCOT\SourceCode\data_and_results\data_raw\logs\monoculture_static_pft2_0.070_05.log,2026-06-05T19:27:34.735175,2026-06-05T19:30:13.123924,158.388749,0,OK
C:\Users\Jonas\Documents\MASCOT\SourceCode\data_and_results\data_model_input\xml_control_files\monoculture_static_pft2_0.070_06.xml,C:\Users\Jonas\Documents\MASCOT\SourceCode\data_and_results\data_raw\logs\monoculture_static_pft2_0.070_06.log,2026-06-05T19:27:38.796047,2026-06-05T19:30:19.800747,161.0047,0,OK
C:\Users\Jonas\Documents\MASCOT\SourceCode\data_and_results\data_model_input\xml_control_files\monoculture_static_pft2_0.070_07.xml,C:\Users\Jonas\Documents\MASCOT\SourceCode\data_and_results\data_raw\logs\monoculture_static_pft2_0.070_07.log,2026-06-05T19:29:06.244090,2026-06-05T19:31:47.618025,161.373935,0,OK
C:\Users\Jonas\Documents\MASCOT\SourceCode\data_and_results\data_model_input\xml_control_files\monoculture_static_pft2_0.070_08.xml,C:\Users\Jonas\Documents\MASCOT\SourceCode\data_and_results\data_raw\logs\monoculture_static_pft2_0.070_08.log,2026-06-05T19:29:16.745454,2026-06-05T19:31:58.685617,161.940163,0,OK
C:\Users\Jonas\Documents\MASCOT\SourceCode\data_and_results\data_model_input\xml_control_files\monoculture_static_pft2_0.070_09.xml,C:\Users\Jonas\Documents\MASCOT\SourceCode\data_and_results\data_raw\logs\monoculture_static_pft2_0.070_09.log,2026-06-05T19:29:43.758958,2026-06-05T19:32:21.036563,157.277605,0,OK
C:\Users\Jonas\Documents\MASCOT\SourceCode\data_and_results\data_model_input\xml_control_files\monoculture_static_pft2_0.070_10.xml,C:\Users\Jonas\Documents\MASCOT\SourceCode\data_and_results\data_raw\logs\monoculture_static_pft2_0.070_10.log,2026-06-05T19:30:07.156609,2026-06-05T19:32:46.132878,158.976269,0,OK
C:\Users\Jonas\Documents\MASCOT\SourceCode\data_and_results\data_model_input\xml_control_files\monoculture_static_pft2_0.105_01.xml,C:\Users\Jonas\Documents\MASCOT\SourceCode\data_and_results\data_raw\logs\monoculture_static_pft2_0.105_01.log,2026-06-05T19:30:13.127923,2026-06-05T19:39:44.886572,571.758649,0,OK
C:\Users\Jonas\Documents\MASCOT\SourceCode\data_and_results\data_model_input\xml_control_files\monoculture_static_pft2_0.105_02.xml,C:\Users\Jonas\Documents\MASCOT\SourceCode\data_and_results\data_raw\logs\monoculture_static_pft2_0.105_02.log,2026-06-05T19:30:19.805322,2026-06-05T19:39:53.232887,573.427565,0,OK
C:\Users\Jonas\Documents\MASCOT\SourceCode\data_and_results\data_model_input\xml_control_files\monoculture_static_pft2_0.105_03.xml,C:\Users\Jonas\Documents\MASCOT\SourceCode\data_and_results\data_raw\logs\monoculture_static_pft2_0.105_03.log,2026-06-05T19:31:47.623416,2026-06-05T19:41:07.717566,560.09415,0,OK
C:\Users\Jonas\Documents\MASCOT\SourceCode\data_and_results\data_model_input\xml_control_files\monoculture_static_pft2_0.105_04.xml,C:\Users\Jonas\Documents\MASCOT\SourceCode\data_and_results\data_raw\logs\monoculture_static_pft2_0.105_04.log,2026-06-05T19:31:58.688703,2026-06-05T19:41:20.095080,561.406377,0,OK
C:\Users\Jonas\Documents\MASCOT\SourceCode\data_and_results\data_model_input\xml_control_files\monoculture_static_pft2_0.105_05.xml,C:\Users\Jonas\Documents\MASCOT\SourceCode\data_and_results\data_raw\logs\monoculture_static_pft2_0.105_05.log,2026-06-05T19:32:21.040562,2026-06-05T19:41:46.979447,565.938885,0,OK
C:\Users\Jonas\Documents\MASCOT\SourceCode\data_and_results\data_model_input\xml_control_files\monoculture_static_pft2_0.105_06.xml,C:\Users\Jonas\Documents\MASCOT\SourceCode\data_and_results\data_raw\logs\monoculture_static_pft2_0.105_06.log,2026-06-05T19:32:46.135723,2026-06-05T19:42:05.547223,559.4115,0,OK
C:\Users\Jonas\Documents\MASCOT\SourceCode\data_and_results\data_model_input\xml_control_files\monoculture_static_pft2_0.140_01.xml,C:\Users\Jonas\Documents\MASCOT\SourceCode\data_and_results\data_raw\logs\monoculture_static_pft2_0.140_01.log,2026-06-05T19:41:46.980997,2026-06-05T19:43:19.982724,93.001727,0,OK
C:\Users\Jonas\Documents\MASCOT\SourceCode\data_and_results\data_model_input\xml_control_files\monoculture_static_pft2_0.140_02.xml,C:\Users\Jonas\Documents\MASCOT\SourceCode\data_and_results\data_raw\logs\monoculture_static_pft2_0.140_02.log,2026-06-05T19:42:05.551244,2026-06-05T19:43:38.688837,93.137593,0,OK
C:\Users\Jonas\Documents\MASCOT\SourceCode\data_and_results\data_model_input\xml_control_files\monoculture_static_pft2_0.140_03.xml,C:\Users\Jonas\Documents\MASCOT\SourceCode\data_and_results\data_raw\logs\monoculture_static_pft2_0.140_03.log,2026-06-05T19:43:19.985225,2026-06-05T19:44:52.001327,92.016102,0,OK
C:\Users\Jonas\Documents\MASCOT\SourceCode\data_and_results\data_model_input\xml_control_files\monoculture_static_pft2_0.140_04.xml,C:\Users\Jonas\Documents\MASCOT\SourceCode\data_and_results\data_raw\logs\monoculture_static_pft2_0.140_04.log,2026-06-05T19:43:38.691948,2026-06-05T19:45:10.479990,91.788042,0,OK
C:\Users\Jonas\Documents\MASCOT\SourceCode\data_and_results\data_model_input\xml_control_files\monoculture_static_pft2_0.140_05.xml,C:\Users\Jonas\Documents\MASCOT\SourceCode\data_and_results\data_raw\logs\monoculture_static_pft2_0.140_05.log,2026-06-05T19:44:52.003338,2026-06-05T19:46:24.144694,92.141356,0,OK
C:\Users\Jonas\Documents\MASCOT\SourceCode\data_and_results\data_model_input\xml_control_files\monoculture_static_pft2_0.140_06.xml,C:\Users\Jonas\Documents\MASCOT\SourceCode\data_and_results\data_raw\logs\monoculture_static_pft2_0.140_06.log,2026-06-05T19:45:10.483020,2026-06-05T19:46:43.109235,92.626215,0,OK
C:\Users\Jonas\Documents\MASCOT\SourceCode\data_and_results\data_model_input\xml_control_files\monoculture_static_pft2_0.140_07.xml,C:\Users\Jonas\Documents\MASCOT\SourceCode\data_and_results\data_raw\logs\monoculture_static_pft2_0.140_07.log,2026-06-05T19:46:24.148752,2026-06-05T19:47:57.640195,93.491443,0,OK
C:\Users\Jonas\Documents\MASCOT\SourceCode\data_and_results\data_model_input\xml_control_files\monoculture_static_pft2_0.140_08.xml,C:\Users\Jonas\Documents\MASCOT\SourceCode\data_and_results\data_raw\logs\monoculture_static_pft2_0.140_08.log,2026-06-05T19:46:43.113419,2026-06-05T19:48:17.209488,94.096069,0,OK
C:\Users\Jonas\Documents\MASCOT\SourceCode\data_and_results\data_model_input\xml_control_files\monoculture_static_pft2_0.105_07.xml,C:\Users\Jonas\Documents\MASCOT\SourceCode\data_and_results\data_raw\logs\monoculture_static_pft2_0.105_07.log,2026-06-05T19:39:44.890575,2026-06-05T19:49:20.068622,575.178047,0,OK
C:\Users\Jonas\Documents\MASCOT\SourceCode\data_and_results\data_model_input\xml_control_files\monoculture_static_pft2_0.105_08.xml,C:\Users\Jonas\Documents\MASCOT\SourceCode\data_and_results\data_raw\logs\monoculture_static_pft2_0.105_08.log,2026-06-05T19:39:53.235887,2026-06-05T19:49:25.781416,572.545529,0,OK
C:\Users\Jonas\Documents\MASCOT\SourceCode\data_and_results\data_model_input\xml_control_files\monoculture_static_pft2_0.140_09.xml,C:\Users\Jonas\Documents\MASCOT\SourceCode\data_and_results\data_raw\logs\monoculture_static_pft2_0.140_09.log,2026-06-05T19:47:57.644763,2026-06-05T19:49:30.517555,92.872792,0,OK
C:\Users\Jonas\Documents\MASCOT\SourceCode\data_and_results\data_model_input\xml_control_files\monoculture_static_pft2_0.140_10.xml,C:\Users\Jonas\Documents\MASCOT\SourceCode\data_and_results\data_raw\logs\monoculture_static_pft2_0.140_10.log,2026-06-05T19:48:17.212328,2026-06-05T19:49:50.053220,92.840892,0,OK
C:\Users\Jonas\Documents\MASCOT\SourceCode\data_and_results\data_model_input\xml_control_files\monoculture_static_pft2_0.105_09.xml,C:\Users\Jonas\Documents\MASCOT\SourceCode\data_and_results\data_raw\logs\monoculture_static_pft2_0.105_09.log,2026-06-05T19:41:07.719103,2026-06-05T19:50:51.537168,583.818065,0,OK
C:\Users\Jonas\Documents\MASCOT\SourceCode\data_and_results\data_model_input\xml_control_files\monoculture_static_pft2_0.105_10.xml,C:\Users\Jonas\Documents\MASCOT\SourceCode\data_and_results\data_raw\logs\monoculture_static_pft2_0.105_10.log,2026-06-05T19:41:20.098083,2026-06-05T19:51:08.269445,588.171362,0,OK
C:\Users\Jonas\Documents\MASCOT\SourceCode\data_and_results\data_model_input\xml_control_files\monoculture_static_pft3_0.035_01.xml,C:\Users\Jonas\Documents\MASCOT\SourceCode\data_and_results\data_raw\logs\monoculture_static_pft3_0.035_01.log,2026-06-05T19:49:20.071525,2026-06-05T19:51:21.541188,121.469663,0,OK
C:\Users\Jonas\Documents\MASCOT\SourceCode\data_and_results\data_model_input\xml_control_files\monoculture_static_pft3_0.035_02.xml,C:\Users\Jonas\Documents\MASCOT\SourceCode\data_and_results\data_raw\logs\monoculture_static_pft3_0.035_02.log,2026-06-05T19:49:25.784480,2026-06-05T19:51:28.840686,123.056206,0,OK
C:\Users\Jonas\Documents\MASCOT\SourceCode\data_and_results\data_model_input\xml_control_files\monoculture_static_pft3_0.035_03.xml,C:\Users\Jonas\Documents\MASCOT\SourceCode\data_and_results\data_raw\logs\monoculture_static_pft3_0.035_03.log,2026-06-05T19:49:30.521556,2026-06-05T19:51:33.769194,123.247638,0,OK
C:\Users\Jonas\Documents\MASCOT\SourceCode\data_and_results\data_model_input\xml_control_files\monoculture_static_pft3_0.035_04.xml,C:\Users\Jonas\Documents\MASCOT\SourceCode\data_and_results\data_raw\logs\monoculture_static_pft3_0.035_04.log,2026-06-05T19:49:50.056220,2026-06-05T19:51:53.485043,123.428823,0,OK
C:\Users\Jonas\Documents\MASCOT\SourceCode\data_and_results\data_model_input\xml_control_files\monoculture_static_pft3_0.035_05.xml,C:\Users\Jonas\Documents\MASCOT\SourceCode\data_and_results\data_raw\logs\monoculture_static_pft3_0.035_05.log,2026-06-05T19:50:51.541440,2026-06-05T19:52:53.176800,121.63536,0,OK
C:\Users\Jonas\Documents\MASCOT\SourceCode\data_and_results\data_model_input\xml_control_files\monoculture_static_pft3_0.035_06.xml,C:\Users\Jonas\Documents\MASCOT\SourceCode\data_and_results\data_raw\logs\monoculture_static_pft3_0.035_06.log,2026-06-05T19:51:08.274029,2026-06-05T19:53:12.262871,123.988842,0,OK
C:\Users\Jonas\Documents\MASCOT\SourceCode\data_and_results\data_model_input\xml_control_files\monoculture_static_pft3_0.035_07.xml,C:\Users\Jonas\Documents\MASCOT\SourceCode\data_and_results\data_raw\logs\monoculture_static_pft3_0.035_07.log,2026-06-05T19:51:21.546851,2026-06-05T19:53:26.363891,124.81704,0,OK
C:\Users\Jonas\Documents\MASCOT\SourceCode\data_and_results\data_model_input\xml_control_files\monoculture_static_pft3_0.035_08.xml,C:\Users\Jonas\Documents\MASCOT\SourceCode\data_and_results\data_raw\logs\monoculture_static_pft3_0.035_08.log,2026-06-05T19:51:28.845575,2026-06-05T19:53:34.344010,125.498435,0,OK
C:\Users\Jonas\Documents\MASCOT\SourceCode\data_and_results\data_model_input\xml_control_files\monoculture_static_pft3_0.035_09.xml,C:\Users\Jonas\Documents\MASCOT\SourceCode\data_and_results\data_raw\logs\monoculture_static_pft3_0.035_09.log,2026-06-05T19:51:33.773391,2026-06-05T19:53:37.758132,123.984741,0,OK
C:\Users\Jonas\Documents\MASCOT\SourceCode\data_and_results\data_model_input\xml_control_files\monoculture_static_pft3_0.035_10.xml,C:\Users\Jonas\Documents\MASCOT\SourceCode\data_and_results\data_raw\logs\monoculture_static_pft3_0.035_10.log,2026-06-05T19:51:53.489856,2026-06-05T19:53:57.402039,123.912183,0,OK
C:\Users\Jonas\Documents\MASCOT\SourceCode\data_and_results\data_model_input\xml_control_files\monoculture_static_pft3_0.070_01.xml,C:\Users\Jonas\Documents\MASCOT\SourceCode\data_and_results\data_raw\logs\monoculture_static_pft3_0.070_01.log,2026-06-05T19:52:53.180317,2026-06-05T19:55:51.615374,178.435057,0,OK
C:\Users\Jonas\Documents\MASCOT\SourceCode\data_and_results\data_model_input\xml_control_files\monoculture_static_pft3_0.070_02.xml,C:\Users\Jonas\Documents\MASCOT\SourceCode\data_and_results\data_raw\logs\monoculture_static_pft3_0.070_02.log,2026-06-05T19:53:12.268501,2026-06-05T19:56:23.529927,191.261426,0,OK
C:\Users\Jonas\Documents\MASCOT\SourceCode\data_and_results\data_model_input\xml_control_files\monoculture_static_pft3_0.070_03.xml,C:\Users\Jonas\Documents\MASCOT\SourceCode\data_and_results\data_raw\logs\monoculture_static_pft3_0.070_03.log,2026-06-05T19:53:26.368045,2026-06-05T19:56:51.031119,204.663074,0,OK
C:\Users\Jonas\Documents\MASCOT\SourceCode\data_and_results\data_model_input\xml_control_files\monoculture_static_pft3_0.070_04.xml,C:\Users\Jonas\Documents\MASCOT\SourceCode\data_and_results\data_raw\logs\monoculture_static_pft3_0.070_04.log,2026-06-05T19:53:34.349127,2026-06-05T19:57:06.310943,211.961816,0,OK
C:\Users\Jonas\Documents\MASCOT\SourceCode\data_and_results\data_model_input\xml_control_files\monoculture_static_pft3_0.070_05.xml,C:\Users\Jonas\Documents\MASCOT\SourceCode\data_and_results\data_raw\logs\monoculture_static_pft3_0.070_05.log,2026-06-05T19:53:37.762785,2026-06-05T19:57:11.458071,213.695286,0,OK
C:\Users\Jonas\Documents\MASCOT\SourceCode\data_and_results\data_model_input\xml_control_files\monoculture_static_pft3_0.070_06.xml,C:\Users\Jonas\Documents\MASCOT\SourceCode\data_and_results\data_raw\logs\monoculture_static_pft3_0.070_06.log,2026-06-05T19:53:57.405040,2026-06-05T19:57:42.523817,225.118777,0,OK
C:\Users\Jonas\Documents\MASCOT\SourceCode\data_and_results\data_model_input\xml_control_files\monoculture_static_pft3_0.070_07.xml,C:\Users\Jonas\Documents\MASCOT\SourceCode\data_and_results\data_raw\logs\monoculture_static_pft3_0.070_07.log,2026-06-05T19:55:51.620138,2026-06-05T20:00:04.326401,252.706263,0,OK
C:\Users\Jonas\Documents\MASCOT\SourceCode\data_and_results\data_model_input\xml_control_files\monoculture_static_pft3_0.070_08.xml,C:\Users\Jonas\Documents\MASCOT\SourceCode\data_and_results\data_raw\logs\monoculture_static_pft3_0.070_08.log,2026-06-05T19:56:23.536175,2026-06-05T20:00:31.717132,248.180957,0,OK
C:\Users\Jonas\Documents\MASCOT\SourceCode\data_and_results\data_model_input\xml_control_files\monoculture_static_pft3_0.070_09.xml,C:\Users\Jonas\Documents\MASCOT\SourceCode\data_and_results\data_raw\logs\monoculture_static_pft3_0.070_09.log,2026-06-05T19:56:51.036081,2026-06-05T20:00:52.801663,241.765582,0,OK
C:\Users\Jonas\Documents\MASCOT\SourceCode\data_and_results\data_model_input\xml_control_files\monoculture_static_pft3_0.070_10.xml,C:\Users\Jonas\Documents\MASCOT\SourceCode\data_and_results\data_raw\logs\monoculture_static_pft3_0.070_10.log,2026-06-05T19:57:06.316256,2026-06-05T20:01:02.599877,236.283621,0,OK
C:\Users\Jonas\Documents\MASCOT\SourceCode\data_and_results\data_model_input\xml_control_files\monoculture_static_pft3_0.105_01.xml,C:\Users\Jonas\Documents\MASCOT\SourceCode\data_and_results\data_raw\logs\monoculture_static_pft3_0.105_01.log,2026-06-05T19:57:11.465782,2026-06-05T20:09:58.216740,766.750958,0,OK
C:\Users\Jonas\Documents\MASCOT\SourceCode\data_and_results\data_model_input\xml_control_files\monoculture_static_pft3_0.105_02.xml,C:\Users\Jonas\Documents\MASCOT\SourceCode\data_and_results\data_raw\logs\monoculture_static_pft3_0.105_02.log,2026-06-05T19:57:42.527423,2026-06-05T20:10:27.360786,764.833363,0,OK
C:\Users\Jonas\Documents\MASCOT\SourceCode\data_and_results\data_model_input\xml_control_files\monoculture_static_pft3_0.105_03.xml,C:\Users\Jonas\Documents\MASCOT\SourceCode\data_and_results\data_raw\logs\monoculture_static_pft3_0.105_03.log,2026-06-05T20:00:04.333220,2026-06-05T20:12:54.823425,770.490205,0,OK
C:\Users\Jonas\Documents\MASCOT\SourceCode\data_and_results\data_model_input\xml_control_files\monoculture_static_pft3_0.105_04.xml,C:\Users\Jonas\Documents\MASCOT\SourceCode\data_and_results\data_raw\logs\monoculture_static_pft3_0.105_04.log,2026-06-05T20:00:31.719184,2026-06-05T20:13:22.110259,770.391075,0,OK
C:\Users\Jonas\Documents\MASCOT\SourceCode\data_and_results\data_model_input\xml_control_files\monoculture_static_pft3_0.105_05.xml,C:\Users\Jonas\Documents\MASCOT\SourceCode\data_and_results\data_raw\logs\monoculture_static_pft3_0.105_05.log,2026-06-05T20:00:52.804233,2026-06-05T20:13:30.772234,757.968001,0,OK
C:\Users\Jonas\Documents\MASCOT\SourceCode\data_and_results\data_model_input\xml_control_files\monoculture_static_pft3_0.105_06.xml,C:\Users\Jonas\Documents\MASCOT\SourceCode\data_and_results\data_raw\logs\monoculture_static_pft3_0.105_06.log,2026-06-05T20:01:02.602749,2026-06-05T20:14:13.293827,790.691078,0,OK
C:\Users\Jonas\Documents\MASCOT\SourceCode\data_and_results\data_model_input\xml_control_files\monoculture_static_pft3_0.140_01.xml,C:\Users\Jonas\Documents\MASCOT\SourceCode\data_and_results\data_raw\logs\monoculture_static_pft3_0.140_01.log,2026-06-05T20:13:30.778840,2026-06-05T20:16:08.070729,157.291889,0,OK
C:\Users\Jonas\Documents\MASCOT\SourceCode\data_and_results\data_model_input\xml_control_files\monoculture_static_pft3_0.140_02.xml,C:\Users\Jonas\Documents\MASCOT\SourceCode\data_and_results\data_raw\logs\monoculture_static_pft3_0.140_02.log,2026-06-05T20:14:13.298900,2026-06-05T20:16:50.015536,156.716636,0,OK
C:\Users\Jonas\Documents\MASCOT\SourceCode\data_and_results\data_model_input\xml_control_files\monoculture_static_pft3_0.140_03.xml,C:\Users\Jonas\Documents\MASCOT\SourceCode\data_and_results\data_raw\logs\monoculture_static_pft3_0.140_03.log,2026-06-05T20:16:08.078212,2026-06-05T20:18:41.795190,153.716978,0,OK
C:\Users\Jonas\Documents\MASCOT\SourceCode\data_and_results\data_model_input\xml_control_files\monoculture_static_pft3_0.140_04.xml,C:\Users\Jonas\Documents\MASCOT\SourceCode\data_and_results\data_raw\logs\monoculture_static_pft3_0.140_04.log,2026-06-05T20:16:50.020461,2026-06-05T20:19:19.344859,149.324398,0,OK
C:\Users\Jonas\Documents\MASCOT\SourceCode\data_and_results\data_model_input\xml_control_files\monoculture_static_pft3_0.140_05.xml,C:\Users\Jonas\Documents\MASCOT\SourceCode\data_and_results\data_raw\logs\monoculture_static_pft3_0.140_05.log,2026-06-05T20:18:41.799193,2026-06-05T20:21:11.705068,149.905875,0,OK
C:\Users\Jonas\Documents\MASCOT\SourceCode\data_and_results\data_model_input\xml_control_files\monoculture_static_pft3_0.140_06.xml,C:\Users\Jonas\Documents\MASCOT\SourceCode\data_and_results\data_raw\logs\monoculture_static_pft3_0.140_06.log,2026-06-05T20:19:19.349405,2026-06-05T20:21:48.005937,148.656532,0,OK
C:\Users\Jonas\Documents\MASCOT\SourceCode\data_and_results\data_model_input\xml_control_files\monoculture_static_pft3_0.140_07.xml,C:\Users\Jonas\Documents\MASCOT\SourceCode\data_and_results\data_raw\logs\monoculture_static_pft3_0.140_07.log,2026-06-05T20:21:11.710473,2026-06-05T20:23:24.269464,132.558991,0,OK
C:\Users\Jonas\Documents\MASCOT\SourceCode\data_and_results\data_model_input\xml_control_files\monoculture_static_pft3_0.140_08.xml,C:\Users\Jonas\Documents\MASCOT\SourceCode\data_and_results\data_raw\logs\monoculture_static_pft3_0.140_08.log,2026-06-05T20:21:48.011271,2026-06-05T20:23:56.277846,128.266575,0,OK
C:\Users\Jonas\Documents\MASCOT\SourceCode\data_and_results\data_model_input\xml_control_files\monoculture_static_pft3_0.105_07.xml,C:\Users\Jonas\Documents\MASCOT\SourceCode\data_and_results\data_raw\logs\monoculture_static_pft3_0.105_07.log,2026-06-05T20:09:58.221391,2026-06-05T20:24:18.062856,859.841465,0,OK
C:\Users\Jonas\Documents\MASCOT\SourceCode\data_and_results\data_model_input\xml_control_files\monoculture_static_pft3_0.105_08.xml,C:\Users\Jonas\Documents\MASCOT\SourceCode\data_and_results\data_raw\logs\monoculture_static_pft3_0.105_08.log,2026-06-05T20:10:27.365375,2026-06-05T20:24:27.813250,840.447875,0,OK
C:\Users\Jonas\Documents\MASCOT\SourceCode\data_and_results\data_model_input\xml_control_files\monoculture_static_pft3_0.140_09.xml,C:\Users\Jonas\Documents\MASCOT\SourceCode\data_and_results\data_raw\logs\monoculture_static_pft3_0.140_09.log,2026-06-05T20:23:24.274119,2026-06-05T20:25:32.911225,128.637106,0,OK
C:\Users\Jonas\Documents\MASCOT\SourceCode\data_and_results\data_model_input\xml_control_files\monoculture_static_pft3_0.140_10.xml,C:\Users\Jonas\Documents\MASCOT\SourceCode\data_and_results\data_raw\logs\monoculture_static_pft3_0.140_10.log,2026-06-05T20:23:56.280947,2026-06-05T20:26:08.769405,132.488458,0,OK
C:\Users\Jonas\Documents\MASCOT\SourceCode\data_and_results\data_model_input\xml_control_files\monoculture_static_pft3_0.105_09.xml,C:\Users\Jonas\Documents\MASCOT\SourceCode\data_and_results\data_raw\logs\monoculture_static_pft3_0.105_09.log,2026-06-05T20:12:54.832357,2026-06-05T20:26:32.735533,817.903176,0,OK
C:\Users\Jonas\Documents\MASCOT\SourceCode\data_and_results\data_model_input\xml_control_files\monoculture_static_pft3_0.105_10.xml,C:\Users\Jonas\Documents\MASCOT\SourceCode\data_and_results\data_raw\logs\monoculture_static_pft3_0.105_10.log,2026-06-05T20:13:22.115497,2026-06-05T20:26:55.611207,813.49571,0,OK
C:\Users\Jonas\Documents\MASCOT\SourceCode\data_and_results\data_model_input\xml_control_files\monoculture_static_pft4_0.035_01.xml,C:\Users\Jonas\Documents\MASCOT\SourceCode\data_and_results\data_raw\logs\monoculture_static_pft4_0.035_01.log,2026-06-05T20:24:18.068456,2026-06-05T20:26:59.805091,161.736635,0,OK
C:\Users\Jonas\Documents\MASCOT\SourceCode\data_and_results\data_model_input\xml_control_files\monoculture_static_pft4_0.035_02.xml,C:\Users\Jonas\Documents\MASCOT\SourceCode\data_and_results\data_raw\logs\monoculture_static_pft4_0.035_02.log,2026-06-05T20:24:27.818890,2026-06-05T20:27:10.526306,162.707416,0,OK
C:\Users\Jonas\Documents\MASCOT\SourceCode\data_and_results\data_model_input\xml_control_files\monoculture_static_pft4_0.035_03.xml,C:\Users\Jonas\Documents\MASCOT\SourceCode\data_and_results\data_raw\logs\monoculture_static_pft4_0.035_03.log,2026-06-05T20:25:32.915233,2026-06-05T20:28:10.085397,157.170164,0,OK
C:\Users\Jonas\Documents\MASCOT\SourceCode\data_and_results\data_model_input\xml_control_files\monoculture_static_pft4_0.035_04.xml,C:\Users\Jonas\Documents\MASCOT\SourceCode\data_and_results\data_raw\logs\monoculture_static_pft4_0.035_04.log,2026-06-05T20:26:08.773545,2026-06-05T20:28:36.675090,147.901545,0,OK
C:\Users\Jonas\Documents\MASCOT\SourceCode\data_and_results\data_model_input\xml_control_files\monoculture_static_pft4_0.035_05.xml,C:\Users\Jonas\Documents\MASCOT\SourceCode\data_and_results\data_raw\logs\monoculture_static_pft4_0.035_05.log,2026-06-05T20:26:32.736678,2026-06-05T20:28:54.092114,141.355436,0,OK
C:\Users\Jonas\Documents\MASCOT\SourceCode\data_and_results\data_model_input\xml_control_files\monoculture_static_pft4_0.035_06.xml,C:\Users\Jonas\Documents\MASCOT\SourceCode\data_and_results\data_raw\logs\monoculture_static_pft4_0.035_06.log,2026-06-05T20:26:55.615305,2026-06-05T20:29:13.866796,138.251491,0,OK
C:\Users\Jonas\Documents\MASCOT\SourceCode\data_and_results\data_model_input\xml_control_files\monoculture_static_pft4_0.035_07.xml,C:\Users\Jonas\Documents\MASCOT\SourceCode\data_and_results\data_raw\logs\monoculture_static_pft4_0.035_07.log,2026-06-05T20:26:59.808089,2026-06-05T20:29:17.040675,137.232586,0,OK
C:\Users\Jonas\Documents\MASCOT\SourceCode\data_and_results\data_model_input\xml_control_files\monoculture_static_pft4_0.035_08.xml,C:\Users\Jonas\Documents\MASCOT\SourceCode\data_and_results\data_raw\logs\monoculture_static_pft4_0.035_08.log,2026-06-05T20:27:10.534866,2026-06-05T20:29:26.919768,136.384902,0,OK
C:\Users\Jonas\Documents\MASCOT\SourceCode\data_and_results\data_model_input\xml_control_files\monoculture_static_pft4_0.035_09.xml,C:\Users\Jonas\Documents\MASCOT\SourceCode\data_and_results\data_raw\logs\monoculture_static_pft4_0.035_09.log,2026-06-05T20:28:10.094136,2026-06-05T20:30:18.609178,128.515042,0,OK
C:\Users\Jonas\Documents\MASCOT\SourceCode\data_and_results\data_model_input\xml_control_files\monoculture_static_pft4_0.035_10.xml,C:\Users\Jonas\Documents\MASCOT\SourceCode\data_and_results\data_raw\logs\monoculture_static_pft4_0.035_10.log,2026-06-05T20:28:36.679140,2026-06-05T20:30:45.432019,128.752879,0,OK
C:\Users\Jonas\Documents\MASCOT\SourceCode\data_and_results\data_model_input\xml_control_files\monoculture_static_pft4_0.070_01.xml,C:\Users\Jonas\Documents\MASCOT\SourceCode\data_and_results\data_raw\logs\monoculture_static_pft4_0.070_01.log,2026-06-05T20:28:54.099114,2026-06-05T20:31:15.904178,141.805064,0,OK
C:\Users\Jonas\Documents\MASCOT\SourceCode\data_and_results\data_model_input\xml_control_files\monoculture_static_pft4_0.070_02.xml,C:\Users\Jonas\Documents\MASCOT\SourceCode\data_and_results\data_raw\logs\monoculture_static_pft4_0.070_02.log,2026-06-05T20:29:13.872667,2026-06-05T20:31:35.667898,141.795231,0,OK
C:\Users\Jonas\Documents\MASCOT\SourceCode\data_and_results\data_model_input\xml_control_files\monoculture_static_pft4_0.070_03.xml,C:\Users\Jonas\Documents\MASCOT\SourceCode\data_and_results\data_raw\logs\monoculture_static_pft4_0.070_03.log,2026-06-05T20:29:17.045331,2026-06-05T20:31:39.449806,142.404475,0,OK
C:\Users\Jonas\Documents\MASCOT\SourceCode\data_and_results\data_model_input\xml_control_files\monoculture_static_pft4_0.070_04.xml,C:\Users\Jonas\Documents\MASCOT\SourceCode\data_and_results\data_raw\logs\monoculture_static_pft4_0.070_04.log,2026-06-05T20:29:26.922788,2026-06-05T20:31:51.014816,144.092028,0,OK
C:\Users\Jonas\Documents\MASCOT\SourceCode\data_and_results\data_model_input\xml_control_files\monoculture_static_pft4_0.070_05.xml,C:\Users\Jonas\Documents\MASCOT\SourceCode\data_and_results\data_raw\logs\monoculture_static_pft4_0.070_05.log,2026-06-05T20:30:18.613267,2026-06-05T20:32:43.095039,144.481772,0,OK
C:\Users\Jonas\Documents\MASCOT\SourceCode\data_and_results\data_model_input\xml_control_files\monoculture_static_pft4_0.070_06.xml,C:\Users\Jonas\Documents\MASCOT\SourceCode\data_and_results\data_raw\logs\monoculture_static_pft4_0.070_06.log,2026-06-05T20:30:45.434937,2026-06-05T20:33:09.952349,144.517412,0,OK
C:\Users\Jonas\Documents\MASCOT\SourceCode\data_and_results\data_model_input\xml_control_files\monoculture_static_pft4_0.070_07.xml,C:\Users\Jonas\Documents\MASCOT\SourceCode\data_and_results\data_raw\logs\monoculture_static_pft4_0.070_07.log,2026-06-05T20:31:15.909177,2026-06-05T20:33:39.431242,143.522065,0,OK
C:\Users\Jonas\Documents\MASCOT\SourceCode\data_and_results\data_model_input\xml_control_files\monoculture_static_pft4_0.070_08.xml,C:\Users\Jonas\Documents\MASCOT\SourceCode\data_and_results\data_raw\logs\monoculture_static_pft4_0.070_08.log,2026-06-05T20:31:35.671942,2026-06-05T20:33:56.889536,141.217594,0,OK
C:\Users\Jonas\Documents\MASCOT\SourceCode\data_and_results\data_model_input\xml_control_files\monoculture_static_pft4_0.070_09.xml,C:\Users\Jonas\Documents\MASCOT\SourceCode\data_and_results\data_raw\logs\monoculture_static_pft4_0.070_09.log,2026-06-05T20:31:39.461336,2026-06-05T20:34:02.266535,142.805199,0,OK
C:\Users\Jonas\Documents\MASCOT\SourceCode\data_and_results\data_model_input\xml_control_files\monoculture_static_pft4_0.070_10.xml,C:\Users\Jonas\Documents\MASCOT\SourceCode\data_and_results\data_raw\logs\monoculture_static_pft4_0.070_10.log,2026-06-05T20:31:51.019191,2026-06-05T20:34:11.703595,140.684404,0,OK
C:\Users\Jonas\Documents\MASCOT\SourceCode\data_and_results\data_model_input\xml_control_files\monoculture_static_pft4_0.105_01.xml,C:\Users\Jonas\Documents\MASCOT\SourceCode\data_and_results\data_raw\logs\monoculture_static_pft4_0.105_01.log,2026-06-05T20:32:43.099398,2026-06-05T20:39:29.941830,406.842432,0,OK
C:\Users\Jonas\Documents\MASCOT\SourceCode\data_and_results\data_model_input\xml_control_files\monoculture_static_pft4_0.105_02.xml,C:\Users\Jonas\Documents\MASCOT\SourceCode\data_and_results\data_raw\logs\monoculture_static_pft4_0.105_02.log,2026-06-05T20:33:09.955789,2026-06-05T20:39:54.553371,404.597582,0,OK
C:\Users\Jonas\Documents\MASCOT\SourceCode\data_and_results\data_model_input\xml_control_files\monoculture_static_pft4_0.105_03.xml,C:\Users\Jonas\Documents\MASCOT\SourceCode\data_and_results\data_raw\logs\monoculture_static_pft4_0.105_03.log,2026-06-05T20:33:39.434242,2026-06-05T20:40:32.428773,412.994531,0,OK
C:\Users\Jonas\Documents\MASCOT\SourceCode\data_and_results\data_model_input\xml_control_files\monoculture_static_pft4_0.105_04.xml,C:\Users\Jonas\Documents\MASCOT\SourceCode\data_and_results\data_raw\logs\monoculture_static_pft4_0.105_04.log,2026-06-05T20:33:56.893540,2026-06-05T20:40:43.946554,407.053014,0,OK
C:\Users\Jonas\Documents\MASCOT\SourceCode\data_and_results\data_model_input\xml_control_files\monoculture_static_pft4_0.105_05.xml,C:\Users\Jonas\Documents\MASCOT\SourceCode\data_and_results\data_raw\logs\monoculture_static_pft4_0.105_05.log,2026-06-05T20:34:02.270961,2026-06-05T20:40:54.193651,411.92269,0,OK
C:\Users\Jonas\Documents\MASCOT\SourceCode\data_and_results\data_model_input\xml_control_files\monoculture_static_pft4_0.105_06.xml,C:\Users\Jonas\Documents\MASCOT\SourceCode\data_and_results\data_raw\logs\monoculture_static_pft4_0.105_06.log,2026-06-05T20:34:11.707607,2026-06-05T20:40:58.173017,406.46541,0,OK
C:\Users\Jonas\Documents\MASCOT\SourceCode\data_and_results\data_model_input\xml_control_files\monoculture_static_pft4_0.140_01.xml,C:\Users\Jonas\Documents\MASCOT\SourceCode\data_and_results\data_raw\logs\monoculture_static_pft4_0.140_01.log,2026-06-05T20:40:54.199060,2026-06-05T20:46:08.431295,314.232235,0,OK
C:\Users\Jonas\Documents\MASCOT\SourceCode\data_and_results\data_model_input\xml_control_files\monoculture_static_pft4_0.140_02.xml,C:\Users\Jonas\Documents\MASCOT\SourceCode\data_and_results\data_raw\logs\monoculture_static_pft4_0.140_02.log,2026-06-05T20:40:58.177732,2026-06-05T20:46:10.719495,312.541763,0,OK
C:\Users\Jonas\Documents\MASCOT\SourceCode\data_and_results\data_model_input\xml_control_files\monoculture_static_pft4_0.105_07.xml,C:\Users\Jonas\Documents\MASCOT\SourceCode\data_and_results\data_raw\logs\monoculture_static_pft4_0.105_07.log,2026-06-05T20:39:29.946620,2026-06-05T20:46:21.641114,411.694494,0,OK
C:\Users\Jonas\Documents\MASCOT\SourceCode\data_and_results\data_model_input\xml_control_files\monoculture_static_pft4_0.105_08.xml,C:\Users\Jonas\Documents\MASCOT\SourceCode\data_and_results\data_raw\logs\monoculture_static_pft4_0.105_08.log,2026-06-05T20:39:54.559614,2026-06-05T20:46:45.513881,410.954267,0,OK
C:\Users\Jonas\Documents\MASCOT\SourceCode\data_and_results\data_model_input\xml_control_files\monoculture_static_pft4_0.105_09.xml,C:\Users\Jonas\Documents\MASCOT\SourceCode\data_and_results\data_raw\logs\monoculture_static_pft4_0.105_09.log,2026-06-05T20:40:32.431857,2026-06-05T20:47:07.879562,395.447705,0,OK
C:\Users\Jonas\Documents\MASCOT\SourceCode\data_and_results\data_model_input\xml_control_files\monoculture_static_pft4_0.105_10.xml,C:\Users\Jonas\Documents\MASCOT\SourceCode\data_and_results\data_raw\logs\monoculture_static_pft4_0.105_10.log,2026-06-05T20:40:43.952085,2026-06-05T20:47:30.220107,406.268022,0,OK
C:\Users\Jonas\Documents\MASCOT\SourceCode\data_and_results\data_model_input\xml_control_files\monoculture_static_pft4_0.140_03.xml,C:\Users\Jonas\Documents\MASCOT\SourceCode\data_and_results\data_raw\logs\monoculture_static_pft4_0.140_03.log,2026-06-05T20:46:08.435293,2026-06-05T20:51:23.163142,314.727849,0,OK
C:\Users\Jonas\Documents\MASCOT\SourceCode\data_and_results\data_model_input\xml_control_files\monoculture_static_pft4_0.140_04.xml,C:\Users\Jonas\Documents\MASCOT\SourceCode\data_and_results\data_raw\logs\monoculture_static_pft4_0.140_04.log,2026-06-05T20:46:10.723762,2026-06-05T20:51:27.199394,316.475632,0,OK
C:\Users\Jonas\Documents\MASCOT\SourceCode\data_and_results\data_model_input\xml_control_files\monoculture_static_pft4_0.140_05.xml,C:\Users\Jonas\Documents\MASCOT\SourceCode\data_and_results\data_raw\logs\monoculture_static_pft4_0.140_05.log,2026-06-05T20:46:21.645937,2026-06-05T20:51:38.243801,316.597864,0,OK
C:\Users\Jonas\Documents\MASCOT\SourceCode\data_and_results\data_model_input\xml_control_files\oneplant_dynamic_105_V1_pft1.xml,C:\Users\Jonas\Documents\MASCOT\SourceCode\data_and_results\data_raw\logs\oneplant_dynamic_105_V1_pft1.log,2026-06-05T20:51:38.246896,2026-06-05T20:51:42.713008,4.466112,0,OK
C:\Users\Jonas\Documents\MASCOT\SourceCode\data_and_results\data_model_input\xml_control_files\oneplant_dynamic_105_V1_pft2.xml,C:\Users\Jonas\Documents\MASCOT\SourceCode\data_and_results\data_raw\logs\oneplant_dynamic_105_V1_pft2.log,2026-06-05T20:51:42.716017,2026-06-05T20:51:46.931206,4.215189,0,OK
C:\Users\Jonas\Documents\MASCOT\SourceCode\data_and_results\data_model_input\xml_control_files\oneplant_dynamic_105_V1_pft3.xml,C:\Users\Jonas\Documents\MASCOT\SourceCode\data_and_results\data_raw\logs\oneplant_dynamic_105_V1_pft3.log,2026-06-05T20:51:46.934221,2026-06-05T20:51:51.128273,4.194052,0,OK
C:\Users\Jonas\Documents\MASCOT\SourceCode\data_and_results\data_model_input\xml_control_files\oneplant_dynamic_105_V1_pft4.xml,C:\Users\Jonas\Documents\MASCOT\SourceCode\data_and_results\data_raw\logs\oneplant_dynamic_105_V1_pft4.log,2026-06-05T20:51:51.132271,2026-06-05T20:51:55.381128,4.248857,0,OK
C:\Users\Jonas\Documents\MASCOT\SourceCode\data_and_results\data_model_input\xml_control_files\monoculture_static_pft4_0.140_06.xml,C:\Users\Jonas\Documents\MASCOT\SourceCode\data_and_results\data_raw\logs\monoculture_static_pft4_0.140_06.log,2026-06-05T20:46:45.516880,2026-06-05T20:51:59.046721,313.529841,0,OK
C:\Users\Jonas\Documents\MASCOT\SourceCode\data_and_results\data_model_input\xml_control_files\oneplant_dynamic_105_V2_pft1.xml,C:\Users\Jonas\Documents\MASCOT\SourceCode\data_and_results\data_raw\logs\oneplant_dynamic_105_V2_pft1.log,2026-06-05T20:51:55.385126,2026-06-05T20:52:00.280321,4.895195,0,OK
C:\Users\Jonas\Documents\MASCOT\SourceCode\data_and_results\data_model_input\xml_control_files\oneplant_dynamic_105_V2_pft2.xml,C:\Users\Jonas\Documents\MASCOT\SourceCode\data_and_results\data_raw\logs\oneplant_dynamic_105_V2_pft2.log,2026-06-05T20:51:59.051406,2026-06-05T20:52:03.728522,4.677116,0,OK
C:\Users\Jonas\Documents\MASCOT\SourceCode\data_and_results\data_model_input\xml_control_files\oneplant_dynamic_105_V2_pft3.xml,C:\Users\Jonas\Documents\MASCOT\SourceCode\data_and_results\data_raw\logs\oneplant_dynamic_105_V2_pft3.log,2026-06-05T20:52:00.285840,2026-06-05T20:52:04.864737,4.578897,0,OK
C:\Users\Jonas\Documents\MASCOT\SourceCode\data_and_results\data_model_input\xml_control_files\oneplant_dynamic_105_V2_pft4.xml,C:\Users\Jonas\Documents\MASCOT\SourceCode\data_and_results\data_raw\logs\oneplant_dynamic_105_V2_pft4.log,2026-06-05T20:52:03.732654,2026-06-05T20:52:08.499135,4.766481,0,OK
C:\Users\Jonas\Documents\MASCOT\SourceCode\data_and_results\data_model_input\xml_control_files\oneplant_dynamic_35_V1_pft1.xml,C:\Users\Jonas\Documents\MASCOT\SourceCode\data_and_results\data_raw\logs\oneplant_dynamic_35_V1_pft1.log,2026-06-05T20:52:04.867850,2026-06-05T20:52:09.996252,5.128402,0,OK
C:\Users\Jonas\Documents\MASCOT\SourceCode\data_and_results\data_model_input\xml_control_files\oneplant_dynamic_35_V1_pft2.xml,C:\Users\Jonas\Documents\MASCOT\SourceCode\data_and_results\data_raw\logs\oneplant_dynamic_35_V1_pft2.log,2026-06-05T20:52:08.503420,2026-06-05T20:52:13.710429,5.207009,0,OK
C:\Users\Jonas\Documents\MASCOT\SourceCode\data_and_results\data_model_input\xml_control_files\oneplant_dynamic_35_V1_pft3.xml,C:\Users\Jonas\Documents\MASCOT\SourceCode\data_and_results\data_raw\logs\oneplant_dynamic_35_V1_pft3.log,2026-06-05T20:52:09.999248,2026-06-05T20:52:14.940522,4.941274,0,OK
C:\Users\Jonas\Documents\MASCOT\SourceCode\data_and_results\data_model_input\xml_control_files\oneplant_dynamic_35_V1_pft4.xml,C:\Users\Jonas\Documents\MASCOT\SourceCode\data_and_results\data_raw\logs\oneplant_dynamic_35_V1_pft4.log,2026-06-05T20:52:13.713955,2026-06-05T20:52:18.728463,5.014508,0,OK
C:\Users\Jonas\Documents\MASCOT\SourceCode\data_and_results\data_model_input\xml_control_files\oneplant_dynamic_35_V2_pft1.xml,C:\Users\Jonas\Documents\MASCOT\SourceCode\data_and_results\data_raw\logs\oneplant_dynamic_35_V2_pft1.log,2026-06-05T20:52:14.945993,2026-06-05T20:52:20.378300,5.432307,0,OK
C:\Users\Jonas\Documents\MASCOT\SourceCode\data_and_results\data_model_input\xml_control_files\oneplant_dynamic_35_V2_pft2.xml,C:\Users\Jonas\Documents\MASCOT\SourceCode\data_and_results\data_raw\logs\oneplant_dynamic_35_V2_pft2.log,2026-06-05T20:52:18.732464,2026-06-05T20:52:24.165755,5.433291,0,OK
C:\Users\Jonas\Documents\MASCOT\SourceCode\data_and_results\data_model_input\xml_control_files\oneplant_dynamic_35_V2_pft3.xml,C:\Users\Jonas\Documents\MASCOT\SourceCode\data_and_results\data_raw\logs\oneplant_dynamic_35_V2_pft3.log,2026-06-05T20:52:20.387387,2026-06-05T20:52:25.643088,5.255701,0,OK
C:\Users\Jonas\Documents\MASCOT\SourceCode\data_and_results\data_model_input\xml_control_files\oneplant_dynamic_35_V2_pft4.xml,C:\Users\Jonas\Documents\MASCOT\SourceCode\data_and_results\data_raw\logs\oneplant_dynamic_35_V2_pft4.log,2026-06-05T20:52:24.169755,2026-06-05T20:52:29.190190,5.020435,0,OK
C:\Users\Jonas\Documents\MASCOT\SourceCode\data_and_results\data_model_input\xml_control_files\oneplant_dynamic_70_V1_pft1.xml,C:\Users\Jonas\Documents\MASCOT\SourceCode\data_and_results\data_raw\logs\oneplant_dynamic_70_V1_pft1.log,2026-06-05T20:52:25.647102,2026-06-05T20:52:30.352837,4.705735,0,OK
C:\Users\Jonas\Documents\MASCOT\SourceCode\data_and_results\data_model_input\xml_control_files\monoculture_static_pft4_0.140_07.xml,C:\Users\Jonas\Documents\MASCOT\SourceCode\data_and_results\data_raw\logs\monoculture_static_pft4_0.140_07.log,2026-06-05T20:47:07.883638,2026-06-05T20:52:33.551093,325.667455,0,OK
C:\Users\Jonas\Documents\MASCOT\SourceCode\data_and_results\data_model_input\xml_control_files\oneplant_dynamic_70_V1_pft2.xml,C:\Users\Jonas\Documents\MASCOT\SourceCode\data_and_results\data_raw\logs\oneplant_dynamic_70_V1_pft2.log,2026-06-05T20:52:29.196186,2026-06-05T20:52:33.902671,4.706485,0,OK
C:\Users\Jonas\Documents\MASCOT\SourceCode\data_and_results\data_model_input\xml_control_files\oneplant_dynamic_70_V1_pft3.xml,C:\Users\Jonas\Documents\MASCOT\SourceCode\data_and_results\data_raw\logs\oneplant_dynamic_70_V1_pft3.log,2026-06-05T20:52:30.358716,2026-06-05T20:52:34.999893,4.641177,0,OK
C:\Users\Jonas\Documents\MASCOT\SourceCode\data_and_results\data_model_input\xml_control_files\oneplant_dynamic_70_V1_pft4.xml,C:\Users\Jonas\Documents\MASCOT\SourceCode\data_and_results\data_raw\logs\oneplant_dynamic_70_V1_pft4.log,2026-06-05T20:52:33.554095,2026-06-05T20:52:38.312973,4.758878,0,OK
C:\Users\Jonas\Documents\MASCOT\SourceCode\data_and_results\data_model_input\xml_control_files\oneplant_dynamic_70_V2_pft1.xml,C:\Users\Jonas\Documents\MASCOT\SourceCode\data_and_results\data_raw\logs\oneplant_dynamic_70_V2_pft1.log,2026-06-05T20:52:33.906745,2026-06-05T20:52:38.480290,4.573545,0,OK
C:\Users\Jonas\Documents\MASCOT\SourceCode\data_and_results\data_model_input\xml_control_files\oneplant_dynamic_70_V2_pft2.xml,C:\Users\Jonas\Documents\MASCOT\SourceCode\data_and_results\data_raw\logs\oneplant_dynamic_70_V2_pft2.log,2026-06-05T20:52:35.003533,2026-06-05T20:52:39.994403,4.99087,0,OK
C:\Users\Jonas\Documents\MASCOT\SourceCode\data_and_results\data_model_input\xml_control_files\oneplant_dynamic_70_V2_pft4.xml,C:\Users\Jonas\Documents\MASCOT\SourceCode\data_and_results\data_raw\logs\oneplant_dynamic_70_V2_pft4.log,2026-06-05T20:52:38.484296,2026-06-05T20:52:43.368959,4.884663,0,OK
C:\Users\Jonas\Documents\MASCOT\SourceCode\data_and_results\data_model_input\xml_control_files\oneplant_dynamic_70_V2_pft3.xml,C:\Users\Jonas\Documents\MASCOT\SourceCode\data_and_results\data_raw\logs\oneplant_dynamic_70_V2_pft3.log,2026-06-05T20:52:38.317442,2026-06-05T20:52:43.371888,5.054446,0,OK
C:\Users\Jonas\Documents\MASCOT\SourceCode\data_and_results\data_model_input\xml_control_files\oneplant_static_0.035_pft1.xml,C:\Users\Jonas\Documents\MASCOT\SourceCode\data_and_results\data_raw\logs\oneplant_static_0.035_pft1.log,2026-06-05T20:52:39.997588,2026-06-05T20:52:45.121438,5.12385,0,OK
C:\Users\Jonas\Documents\MASCOT\SourceCode\data_and_results\data_model_input\xml_control_files\oneplant_static_0.035_pft3.xml,C:\Users\Jonas\Documents\MASCOT\SourceCode\data_and_results\data_raw\logs\oneplant_static_0.035_pft3.log,2026-06-05T20:52:43.378736,2026-06-05T20:52:48.454235,5.075499,0,OK
C:\Users\Jonas\Documents\MASCOT\SourceCode\data_and_results\data_model_input\xml_control_files\oneplant_static_0.035_pft2.xml,C:\Users\Jonas\Documents\MASCOT\SourceCode\data_and_results\data_raw\logs\oneplant_static_0.035_pft2.log,2026-06-05T20:52:43.374235,2026-06-05T20:52:48.473067,5.098832,0,OK
C:\Users\Jonas\Documents\MASCOT\SourceCode\data_and_results\data_model_input\xml_control_files\monoculture_static_pft4_0.140_08.xml,C:\Users\Jonas\Documents\MASCOT\SourceCode\data_and_results\data_raw\logs\monoculture_static_pft4_0.140_08.log,2026-06-05T20:47:30.224108,2026-06-05T20:52:48.535427,318.311319,0,OK
C:\Users\Jonas\Documents\MASCOT\SourceCode\data_and_results\data_model_input\xml_control_files\oneplant_static_0.035_pft4.xml,C:\Users\Jonas\Documents\MASCOT\SourceCode\data_and_results\data_raw\logs\oneplant_static_0.035_pft4.log,2026-06-05T20:52:45.125832,2026-06-05T20:52:50.170144,5.044312,0,OK
C:\Users\Jonas\Documents\MASCOT\SourceCode\data_and_results\data_model_input\xml_control_files\oneplant_static_0.070_pft3.xml,C:\Users\Jonas\Documents\MASCOT\SourceCode\data_and_results\data_raw\logs\oneplant_static_0.070_pft3.log,2026-06-05T20:52:48.539447,2026-06-05T20:52:53.267533,4.728086,0,OK
C:\Users\Jonas\Documents\MASCOT\SourceCode\data_and_results\data_model_input\xml_control_files\oneplant_static_0.070_pft2.xml,C:\Users\Jonas\Documents\MASCOT\SourceCode\data_and_results\data_raw\logs\oneplant_static_0.070_pft2.log,2026-06-05T20:52:48.480513,2026-06-05T20:52:53.297060,4.816547,0,OK
C:\Users\Jonas\Documents\MASCOT\SourceCode\data_and_results\data_model_input\xml_control_files\oneplant_static_0.070_pft1.xml,C:\Users\Jonas\Documents\MASCOT\SourceCode\data_and_results\data_raw\logs\oneplant_static_0.070_pft1.log,2026-06-05T20:52:48.457236,2026-06-05T20:52:53.335276,4.87804,0,OK
C:\Users\Jonas\Documents\MASCOT\SourceCode\data_and_results\data_model_input\xml_control_files\oneplant_static_0.070_pft4.xml,C:\Users\Jonas\Documents\MASCOT\SourceCode\data_and_results\data_raw\logs\oneplant_static_0.070_pft4.log,2026-06-05T20:52:50.175198,2026-06-05T20:52:55.188618,5.01342,0,OK
C:\Users\Jonas\Documents\MASCOT\SourceCode\data_and_results\data_model_input\xml_control_files\oneplant_static_0.105_pft3.xml,C:\Users\Jonas\Documents\MASCOT\SourceCode\data_and_results\data_raw\logs\oneplant_static_0.105_pft3.log,2026-06-05T20:52:53.340290,2026-06-05T20:52:58.150997,4.810707,0,OK
C:\Users\Jonas\Documents\MASCOT\SourceCode\data_and_results\data_model_input\xml_control_files\oneplant_static_0.105_pft2.xml,C:\Users\Jonas\Documents\MASCOT\SourceCode\data_and_results\data_raw\logs\oneplant_static_0.105_pft2.log,2026-06-05T20:52:53.300059,2026-06-05T20:52:58.152539,4.85248,0,OK
C:\Users\Jonas\Documents\MASCOT\SourceCode\data_and_results\data_model_input\xml_control_files\oneplant_static_0.105_pft1.xml,C:\Users\Jonas\Documents\MASCOT\SourceCode\data_and_results\data_raw\logs\oneplant_static_0.105_pft1.log,2026-06-05T20:52:53.270629,2026-06-05T20:52:58.173235,4.902606,0,OK
C:\Users\Jonas\Documents\MASCOT\SourceCode\data_and_results\data_model_input\xml_control_files\oneplant_static_0.105_pft4.xml,C:\Users\Jonas\Documents\MASCOT\SourceCode\data_and_results\data_raw\logs\oneplant_static_0.105_pft4.log,2026-06-05T20:52:55.194931,2026-06-05T20:53:00.271840,5.076909,0,OK
C:\Users\Jonas\Documents\MASCOT\SourceCode\data_and_results\data_model_input\xml_control_files\oneplant_static_0.140_pft1.xml,C:\Users\Jonas\Documents\MASCOT\SourceCode\data_and_results\data_raw\logs\oneplant_static_0.140_pft1.log,2026-06-05T20:52:58.155687,2026-06-05T20:53:02.390811,4.235124,0,OK
C:\Users\Jonas\Documents\MASCOT\SourceCode\data_and_results\data_model_input\xml_control_files\oneplant_static_0.140_pft3.xml,C:\Users\Jonas\Documents\MASCOT\SourceCode\data_and_results\data_raw\logs\oneplant_static_0.140_pft3.log,2026-06-05T20:52:58.176343,2026-06-05T20:53:02.409852,4.233509,0,OK
C:\Users\Jonas\Documents\MASCOT\SourceCode\data_and_results\data_model_input\xml_control_files\oneplant_static_0.140_pft2.xml,C:\Users\Jonas\Documents\MASCOT\SourceCode\data_and_results\data_raw\logs\oneplant_static_0.140_pft2.log,2026-06-05T20:52:58.156699,2026-06-05T20:53:02.409852,4.253153,0,OK
C:\Users\Jonas\Documents\MASCOT\SourceCode\data_and_results\data_model_input\xml_control_files\oneplant_static_0.140_pft4.xml,C:\Users\Jonas\Documents\MASCOT\SourceCode\data_and_results\data_raw\logs\oneplant_static_0.140_pft4.log,2026-06-05T20:53:00.274939,2026-06-05T20:53:04.417262,4.142323,0,OK
C:\Users\Jonas\Documents\MASCOT\SourceCode\data_and_results\data_model_input\xml_control_files\monoculture_static_pft4_0.140_09.xml,C:\Users\Jonas\Documents\MASCOT\SourceCode\data_and_results\data_raw\logs\monoculture_static_pft4_0.140_09.log,2026-06-05T20:51:23.167222,2026-06-05T20:54:58.199966,215.032744,0,OK
C:\Users\Jonas\Documents\MASCOT\SourceCode\data_and_results\data_model_input\xml_control_files\monoculture_static_pft4_0.140_10.xml,C:\Users\Jonas\Documents\MASCOT\SourceCode\data_and_results\data_raw\logs\monoculture_static_pft4_0.140_10.log,2026-06-05T20:51:27.203860,2026-06-05T20:55:00.198172,212.994312,0,OK
